date,start,stop,distance,calories,steps
2025-01-18,13:31,13:52,63,3,101
2025-01-18,14:44,15:06,139,8,223
2025-01-18,15:07,15:12,109,3,175
2025-01-19,16:38,16:43,114,3,183
2025-01-19,13:52,14:09,41,2,66
2025-01-19,11:53,12:11,105,5,168
2025-01-20,09:24,09:33,47,2,75
2025-01-20,11:04,11:20,134,5,214
2025-01-20,13:23,13:43,165,6,263
2025-01-20,18:15,18:29,139,5,222
2025-01-20,18:56,19:00,41,2,66
2025-01-21,10:18,10:22,114,3,182
2025-01-21,10:53,11:09,82,5,131
2025-01-21,12:39,12:45,144,4,231
2025-01-21,13:28,13:48,271,8,433
2025-01-21,22:43,23:01,107,5,171
2025-01-22,01:11,01:15,60,2,97
2025-01-22,12:46,13:04,111,5,177
2025-01-22,17:20,17:41,70,5,113
2025-01-22,22:58,23:02,85,2,137
2025-01-23,10:45,10:49,164,5,232
2025-01-23,11:02,11:13,204,8,314
2025-01-24,00:31,11:31,170,7,258
2025-01-24,11:42,11:46,151,4,241
2025-01-24,11:55,12:10,658,19,956
2025-01-24,13:19,13:27,193,5,308
2025-01-24,13:48,13:56,240,7,383
2025-01-24,15:21,15:30,194,5,310
2025-01-24,15:45,16:14,123,6,197
2025-01-24,17:22,17:39,613,20,860
2025-01-25,09:37,09:48,185,6,288
2025-01-25,15:38,15:55,97,4,156
2025-01-26,11:38,11:44,177,6,271
2025-01-26,12:05,12:09,406,14,533
2025-01-26,12:10,12:14,128,4,204
2025-01-26,12:28,12:32,101,3,161
2025-01-26,12:34,12:48,259,9,391
2025-01-26,12:49,12:53,426,14,551
2025-01-26,13:32,13:36,122,3,195
2025-01-26,13:43,13:48,115,3,184
2025-01-26,14:32,14:36,32,1,51
2025-01-26,14:56,15:00,79,2,126
2025-01-26,17:57,18:12,103,4,165
2025-01-26,18:14,18:21,230,7,368
2025-01-26,22:25,22:33,72,4,116
2025-01-27,09:12,09:21,74,3,119
2025-01-27,09:27,09:44,606,19,916
2025-01-27,13:52,14:16,148,5,236
2025-01-27,14:23,14:42,189,7,302
2025-01-27,17:29,17:36,111,4,177
2025-01-27,23:41,23:45,60,1,97
2025-01-28,11:09,11:18,116,4,185
2025-01-28,12:12,12:28,73,4,117
2025-01-28,12:49,12:56,91,3,146
2025-01-28,15:09,15:23,132,4,211
2025-01-28,15:40,15:53,370,11,583
2025-01-28,15:54,16:00,479,16,655
2025-01-28,16:07,16:11,126,3,201
2025-01-28,16:13,16:39,671,24,962
2025-01-28,16:49,16:53,106,3,169
2025-01-28,21:05,21:15,48,3,78
2025-01-28,23:13,23:21,80,2,128
2025-01-29,12:26,12:33,74,3,118
2025-01-30,11:07,11:13,106,4,170
2025-01-30,12:30,12:40,107,5,172
2025-01-30,13:13,13:18,190,5,303
2025-01-30,16:39,16:50,54,2,87
2025-01-30,18:05,18:19,112,5,179
2025-01-31,00:33,11:56,148,7,236
2025-01-31,13:10,13:15,134,5,205
2025-02-01,08:36,08:48,146,6,221
2025-02-01,11:11,11:22,114,4,182
2025-02-01,12:34,12:46,787,27,1118
2025-02-01,12:47,13:11,723,26,1042
2025-02-01,15:02,15:28,158,7,252
2025-02-02,13:52,14:00,104,2,167
2025-02-03,09:05,09:10,32,1,51
2025-02-03,10:37,10:54,432,16,624
2025-02-03,12:25,12:55,246,11,393
2025-02-03,13:20,13:24,101,4,162
2025-02-03,15:41,15:55,132,5,211
2025-02-03,17:51,18:08,117,6,188
2025-02-03,18:15,18:19,78,3,125
2025-02-03,20:23,20:37,146,5,233
2025-02-04,02:17,10:12,53,2,86
2025-02-04,10:39,10:43,203,5,318
2025-02-04,11:56,12:02,193,6,308
2025-02-04,12:03,12:16,422,14,617
2025-02-04,12:31,12:38,182,5,291
2025-02-04,14:26,14:45,91,4,146
2025-02-04,14:57,15:01,110,3,176
2025-02-04,15:23,15:38,178,6,258
2025-02-04,16:23,16:46,309,12,466
2025-02-04,16:53,17:19,316,12,488
2025-02-04,18:28,18:49,149,6,238
2025-02-04,21:11,21:17,635,21,811
2025-02-04,21:29,21:35,58,3,93
2025-02-04,22:27,22:31,202,6,290
2025-02-04,22:44,23:03,297,12,443
2025-02-05,00:36,01:01,301,10,477
2025-02-05,01:49,02:00,79,4,127
2025-02-05,11:01,11:06,130,5,202
2025-02-05,12:06,12:24,247,8,395
2025-02-05,13:28,13:34,121,4,193
2025-02-05,14:45,15:14,565,18,863
2025-02-05,15:39,15:43,362,13,484
2025-02-05,16:39,16:54,320,13,448
2025-02-05,17:08,17:13,224,8,346
2025-02-05,19:23,19:31,77,3,123
2025-02-05,23:41,23:59,109,5,174
2025-02-06,13:36,13:53,116,3,185
2025-02-06,19:51,19:56,79,3,126
2025-02-07,00:58,10:53,61,2,98
2025-02-07,13:52,14:14,266,10,411
2025-02-07,17:13,17:17,126,5,201
2025-02-07,22:12,22:22,131,3,209
2025-02-07,23:47,23:51,88,2,141
2025-02-08,02:49,09:50,57,2,92
2025-02-08,11:56,12:10,69,3,111
2025-02-08,21:33,21:48,101,5,161
2025-02-09,02:41,12:23,53,3,85
2025-02-09,12:40,12:52,198,7,292
2025-02-09,14:21,14:38,711,23,1114
2025-02-09,14:55,14:59,225,6,356
2025-02-09,15:05,15:10,428,15,607
2025-02-09,15:32,15:36,105,2,168
2025-02-09,16:04,16:14,341,10,506
2025-02-09,16:18,16:34,281,10,408
2025-02-09,22:48,22:52,99,4,158
2025-02-10,09:59,10:04,37,2,60
2025-02-10,14:33,14:49,134,5,214
2025-02-10,22:04,22:20,85,3,136
2025-02-11,14:14,14:18,111,3,178
2025-02-11,19:33,19:51,122,7,195
2025-02-12,00:41,00:47,43,2,69
2025-02-13,13:02,13:06,145,4,214
2025-02-13,14:21,14:35,83,5,133
2025-02-13,16:06,16:14,127,4,203
2025-02-13,20:32,20:41,85,4,136
2025-02-14,11:39,11:44,170,5,271
2025-02-14,11:55,12:10,236,9,356
2025-02-14,13:04,13:11,85,4,137
2025-02-14,14:00,14:17,670,21,962
2025-02-14,16:05,16:23,170,7,272
2025-02-14,16:38,16:42,388,13,536
2025-02-14,16:43,16:47,439,15,573
2025-02-14,16:58,17:09,195,5,310
2025-02-14,23:30,23:34,108,4,173
2025-02-15,01:08,01:12,56,2,90
2025-02-15,11:21,11:26,88,3,141
2025-02-15,11:28,11:56,423,14,596
2025-02-15,11:57,12:01,401,13,549
2025-02-15,12:22,12:34,646,21,925
2025-02-15,12:35,12:41,112,3,179
2025-02-15,14:00,14:08,84,2,135
2025-02-15,15:24,15:45,298,9,465
2025-02-15,17:04,17:08,120,4,192
2025-02-15,23:17,23:23,72,2,115
2025-02-15,23:32,23:47,49,4,79
2025-02-16,02:51,12:12,80,3,129
2025-02-16,17:02,17:07,24,2,39
2025-02-16,20:19,20:27,102,4,163
2025-02-17,08:48,08:52,409,13,530
2025-02-17,08:55,08:59,134,3,214
2025-02-17,09:00,09:15,794,26,1121
2025-02-17,09:16,09:21,88,4,141
2025-02-17,10:57,11:22,573,18,834
2025-02-17,11:31,11:44,507,16,785
2025-02-17,12:07,12:16,73,4,117
2025-02-17,12:28,12:33,65,3,104
2025-02-17,13:28,13:47,111,3,178
2025-02-17,15:38,15:43,70,3,113
2025-02-17,16:42,16:58,607,20,883
2025-02-17,21:52,21:58,97,3,156
2025-02-17,22:25,22:32,115,4,184
2025-02-17,22:59,23:03,71,2,114
2025-02-18,08:30,08:39,346,11,507
2025-02-18,08:40,08:45,516,17,683
2025-02-18,08:46,08:55,301,11,440
2025-02-18,11:18,11:26,92,4,147
2025-02-18,16:17,16:27,351,12,502
2025-02-18,16:31,16:48,543,18,777
2025-02-18,21:20,21:25,64,3,103
2025-02-19,00:00,08:49,1008,33,1409
2025-02-19,08:50,08:54,115,3,184
2025-02-19,10:50,11:03,232,7,360
2025-02-19,11:29,11:50,261,10,416
2025-02-19,11:51,11:56,90,3,145
2025-02-19,11:57,12:12,72,4,116
2025-02-19,12:37,12:46,236,8,354
2025-02-19,13:35,13:42,68,3,109
2025-02-19,14:01,14:05,50,2,80
2025-02-19,15:16,15:33,97,6,156
2025-02-19,16:12,16:17,111,4,178
2025-02-19,18:22,18:26,123,4,197
2025-02-19,19:09,19:13,77,3,123
2025-02-19,20:35,20:54,143,7,228
2025-02-19,22:06,23:37,53,2,85
2025-02-20,08:57,09:02,118,4,189
2025-02-20,14:10,14:15,184,7,256
2025-02-20,15:29,15:41,191,7,287
2025-02-20,16:13,16:28,99,5,159
2025-02-20,16:49,16:59,172,6,254
2025-02-20,17:26,17:53,705,23,1033
2025-02-20,17:54,17:58,72,2,115
2025-02-21,14:16,14:26,128,5,204
2025-02-21,15:21,15:38,125,5,200
2025-02-21,16:36,16:40,171,6,274
2025-02-21,16:42,16:56,164,5,250
2025-02-22,00:04,10:53,75,4,120
2025-02-22,12:51,13:03,116,32,185
2025-02-22,20:48,20:53,113,3,181
2025-02-22,23:25,23:59,71,2,114
2025-02-23,01:09,12:25,64,3,102
2025-02-23,13:07,13:22,187,9,275
2025-02-23,20:21,20:32,246,8,373
2025-02-24,20:13,20:28,102,5,163
2025-02-24,22:42,22:48,153,34,238
2025-02-25,09:00,09:16,83,4,133
2025-02-25,13:25,13:45,131,5,210
2025-02-25,21:56,22:12,99,4,158
2025-02-26,10:56,11:01,65,4,104
2025-02-26,14:11,14:19,115,4,184
2025-02-26,21:37,22:00,133,6,213
2025-02-27,12:19,12:42,197,7,315
2025-02-27,13:56,14:05,54,4,87
2025-02-27,21:32,21:46,133,4,212
2025-02-28,00:30,09:02,89,4,142
2025-02-28,09:10,09:29,709,22,1008
2025-02-28,09:30,09:48,1033,33,1455
2025-02-28,09:49,10:02,328,10,481
2025-02-28,12:59,13:04,86,3,138
2025-02-28,13:44,13:48,106,3,170
2025-02-28,13:56,14:11,326,11,486
2025-02-28,15:16,15:23,306,9,455
2025-02-28,22:52,23:00,106,3,169
2025-03-01,16:34,16:38,114,3,183
2025-03-01,17:10,17:18,90,3,144
2025-03-01,19:20,19:36,146,5,234
2025-03-02,00:09,11:08,73,4,117
2025-03-02,11:23,11:52,567,19,822
2025-03-02,12:21,12:25,134,4,214
2025-03-02,17:11,17:17,79,4,126
2025-03-03,00:11,00:16,154,5,247
2025-03-03,13:31,13:38,107,3,171
2025-03-03,22:53,23:02,74,2,118
2025-03-04,11:54,12:00,107,4,172
2025-03-04,22:04,22:12,51,7,82
2025-03-05,14:30,14:38,137,4,219
2025-03-05,15:51,16:01,99,84,158
2025-03-05,19:37,19:42,126,54,201
2025-03-05,21:53,21:57,80,3,128
2025-03-06,15:27,15:31,197,7,315
2025-03-06,15:33,15:42,240,8,368
2025-03-06,15:47,15:53,242,7,387
2025-03-06,15:57,16:21,691,24,1022
2025-03-06,22:07,22:11,62,2,99
2025-03-07,13:40,13:57,88,3,141
2025-03-07,14:06,14:10,186,5,272
2025-03-07,15:13,15:31,218,7,348
2025-03-08,10:27,10:33,183,6,273
2025-03-08,11:04,11:10,154,4,246
2025-03-08,11:23,11:27,107,4,172
2025-03-08,11:42,11:59,149,7,238
2025-03-08,12:00,12:05,40,2,65
2025-03-08,12:07,12:34,194,9,310
2025-03-08,12:37,12:55,360,14,527
2025-03-08,13:25,13:45,444,15,663
2025-03-08,14:29,14:36,373,12,546
2025-03-08,15:39,15:43,90,3,144
2025-03-08,15:49,15:53,89,3,142
2025-03-08,16:16,16:20,150,4,240
2025-03-08,16:22,16:53,583,20,879
2025-03-08,17:02,17:16,536,17,788
2025-03-08,17:38,17:44,136,4,218
2025-03-08,18:20,18:37,66,4,106
2025-03-08,18:56,19:02,65,4,105
2025-03-08,19:15,19:19,60,3,97
2025-03-08,19:23,19:38,150,5,240
2025-03-08,21:32,21:50,77,2,123
2025-03-08,22:43,22:49,168,4,269
2025-03-09,10:59,11:15,69,2,110
2025-03-09,12:28,12:46,79,4,127
2025-03-09,13:37,13:42,58,2,93
2025-03-09,16:40,16:44,62,3,100
2025-03-09,16:46,17:08,124,7,199
2025-03-09,18:18,18:28,80,5,129
2025-03-10,17:52,17:59,176,6,282
2025-03-10,18:08,18:16,301,9,447
2025-03-10,18:28,18:32,270,10,394
2025-03-10,18:33,18:43,289,7,462
2025-03-10,19:01,19:09,197,6,315
2025-03-10,19:19,20:00,784,30,1149
2025-03-10,21:16,21:29,43,4,70
2025-03-11,01:06,14:11,54,2,87
2025-03-11,14:40,14:45,178,5,282
2025-03-11,16:19,16:25,111,4,177
2025-03-11,17:58,18:12,238,8,380
2025-03-12,00:43,08:32,84,5,134
2025-03-12,08:33,08:38,156,6,234
2025-03-12,09:41,09:46,132,5,211
2025-03-12,12:06,12:24,239,8,375
2025-03-12,12:45,12:50,246,8,388
2025-03-12,13:00,13:18,399,13,606
2025-03-12,13:27,13:52,314,14,478
2025-03-12,16:50,16:56,168,5,268
2025-03-12,18:18,18:23,211,6,316
2025-03-12,18:27,18:51,235,7,375
2025-03-12,22:15,22:32,90,3,144
2025-03-13,00:35,14:02,202,106,310
2025-03-13,14:52,15:00,109,3,175
2025-03-13,19:56,20:04,76,4,122
2025-03-13,21:04,21:09,55,2,88
2025-03-13,22:00,23:59,90,4,145
2025-03-14,11:50,12:25,214,10,342
2025-03-14,19:02,19:15,85,4,137
2025-03-15,09:28,09:33,76,2,122
2025-03-15,10:08,10:25,110,4,176
2025-03-15,10:45,11:18,271,12,433
2025-03-15,11:23,11:27,60,2,96
2025-03-15,13:44,14:06,75,4,120
2025-03-15,14:39,14:58,132,6,211
2025-03-15,16:06,16:13,80,3,128
2025-03-15,19:36,19:48,267,8,414
2025-03-15,19:49,19:56,556,18,770
2025-03-15,20:05,20:22,306,12,474
2025-03-16,14:52,14:56,49,2,79
2025-03-16,16:28,16:44,104,6,167
2025-03-17,00:22,09:48,80,2,128
2025-03-17,12:47,12:58,104,4,166
2025-03-17,16:06,16:24,106,3,169
2025-03-17,17:51,17:57,109,43,175
2025-03-17,19:05,19:22,566,14,865
2025-03-17,19:25,19:30,406,13,541
2025-03-17,19:34,19:38,52,2,84
2025-03-18,11:09,11:35,92,5,148
2025-03-18,23:36,23:40,53,2,85
2025-03-19,22:43,22:47,64,1,102
2025-03-20,00:48,11:40,82,4,131
2025-03-20,14:29,14:36,113,4,181
2025-03-20,15:31,15:39,129,66,207
2025-03-20,16:51,17:06,394,13,579
2025-03-20,17:07,17:11,403,14,550
2025-03-20,17:12,17:16,177,5,283
2025-03-20,17:22,17:33,448,16,587
2025-03-20,17:36,17:41,106,3,170
2025-03-21,12:55,13:00,203,62,313
2025-03-21,13:46,14:08,257,8,411
2025-03-21,15:12,15:20,210,7,336
2025-03-21,15:22,15:34,84,4,134
2025-03-21,23:19,23:33,104,4,167
2025-03-22,02:06,08:50,52,3,83
2025-03-22,17:52,17:59,117,4,188
2025-03-24,12:49,13:03,62,4,99
2025-03-24,13:14,13:28,109,4,175
2025-03-24,18:24,18:28,75,3,120
2025-03-25,17:59,18:15,123,5,197
2025-03-27,02:03,02:08,112,4,180
2025-03-27,11:14,11:20,64,3,103
2025-03-27,13:24,13:42,100,4,160
2025-03-27,18:52,18:59,135,52,216
2025-03-27,20:06,20:20,102,3,164
2025-03-27,21:38,21:44,61,2,98
2025-03-28,12:58,13:02,54,2,87
2025-03-28,13:26,13:34,171,7,267
2025-03-28,16:13,16:22,246,8,369
2025-03-28,17:04,17:23,90,5,145
2025-03-28,17:38,17:42,67,3,108
2025-03-28,19:16,19:20,64,2,102
2025-03-29,14:01,14:17,67,3,108
2025-03-31,12:51,13:01,133,5,212
2025-03-31,13:12,13:20,344,11,503
2025-03-31,13:21,13:25,376,13,512
2025-03-31,13:54,14:00,85,3,136
2025-03-31,14:19,14:33,59,3,95
2025-03-31,15:51,15:56,145,4,232
2025-03-31,16:10,16:17,182,6,285
2025-03-31,16:34,16:39,94,2,150
2025-03-31,17:58,18:17,581,19,906
2025-03-31,21:10,21:24,419,12,644
2025-03-31,22:33,22:39,60,3,96
2025-04-01,02:11,02:15,48,3,77
2025-04-01,11:34,11:48,86,4,138
2025-04-01,13:50,14:07,220,9,316
2025-04-01,16:13,16:17,115,3,184
2025-04-01,17:30,17:34,82,3,131
2025-04-01,18:56,19:07,111,4,178
2025-04-01,20:00,20:15,132,7,211
2025-04-01,22:38,22:57,67,5,107
2025-04-02,10:04,10:08,32,1,51
2025-04-02,11:55,12:08,210,8,336
2025-04-02,13:06,13:18,145,7,232
2025-04-02,13:56,14:12,102,4,164
2025-04-02,14:34,14:40,442,15,598
2025-04-02,14:41,14:56,1087,36,1539
2025-04-02,15:06,15:18,532,15,780
2025-04-02,20:41,21:02,73,3,117
2025-04-04,14:00,14:09,262,9,399
2025-04-04,16:05,16:10,90,3,145
2025-04-04,22:21,22:45,195,43,312
2025-04-05,17:40,17:44,57,2,91
2025-04-06,12:07,12:26,122,5,195
2025-04-06,13:46,14:02,262,8,419
2025-04-06,16:07,16:12,338,11,521
2025-04-06,16:13,16:35,1453,50,2188
2025-04-06,17:56,18:00,94,2,151
2025-04-06,18:28,18:50,283,11,418
2025-04-06,20:55,21:15,116,5,186
2025-04-06,22:45,23:00,220,9,348
2025-04-07,00:31,10:45,113,5,181
2025-04-07,14:57,15:12,74,5,119
2025-04-07,17:03,17:22,237,9,370
2025-04-07,18:21,18:35,73,5,117
2025-04-08,13:10,13:18,67,3,107
2025-04-08,13:34,13:38,60,3,97
2025-04-08,14:13,14:30,99,4,159
2025-04-09,00:50,00:54,52,3,84
2025-04-09,10:37,10:42,221,8,325
2025-04-09,11:14,11:19,139,4,223
2025-04-09,11:37,11:42,163,4,260
2025-04-09,11:53,12:09,392,14,603
2025-04-09,12:17,12:21,77,3,124
2025-04-09,12:35,12:39,69,2,110
2025-04-09,14:06,14:20,196,6,308
2025-04-09,14:29,14:33,52,2,84
2025-04-09,14:36,14:59,349,14,530
2025-04-09,15:13,15:18,117,5,188
2025-04-09,15:30,15:45,441,12,700
2025-04-09,15:46,16:00,385,12,566
2025-04-09,17:31,17:36,129,4,206
2025-04-10,15:21,15:28,106,4,170
2025-04-10,16:23,16:29,158,5,252
2025-04-10,16:54,16:59,112,3,180
2025-04-11,10:00,10:04,65,2,105
2025-04-11,10:49,11:08,129,6,206
2025-04-11,12:51,13:05,113,5,181
2025-04-11,23:39,23:45,33,3,54
2025-04-12,00:12,00:17,35,2,57
2025-04-13,11:57,12:03,177,4,283
2025-04-13,12:22,12:28,603,20,816
2025-04-13,12:29,12:46,615,18,908
2025-04-13,12:50,12:56,620,22,788
2025-04-13,13:35,14:02,254,11,406
2025-04-13,16:05,16:15,292,9,426
2025-04-13,16:49,16:57,126,4,201
2025-04-13,23:04,23:24,103,7,165
2025-04-14,09:51,09:55,99,2,159
2025-04-14,10:04,10:26,223,10,352
2025-04-14,15:51,16:07,87,13,140
2025-04-14,16:19,16:23,102,3,164
2025-04-14,16:40,16:44,149,5,238
2025-04-15,00:51,00:58,79,3,127
2025-04-15,16:47,17:04,121,59,194
2025-04-16,09:22,10:00,511,21,735
2025-04-16,10:57,11:02,164,6,235
2025-04-16,13:06,13:18,193,6,288
2025-04-16,14:09,14:25,86,3,138
2025-04-16,15:53,16:06,91,4,146
2025-04-16,16:25,16:29,171,5,263
2025-04-16,17:09,17:15,122,3,196
2025-04-16,17:42,17:48,179,5,286
2025-04-16,18:22,18:46,129,7,206
2025-04-17,09:18,09:24,30,2,49
2025-04-17,12:55,13:05,91,3,146
2025-04-17,16:25,16:29,135,4,208
2025-04-17,23:18,23:37,138,7,220
2025-04-18,22:07,22:28,90,5,145
2025-04-19,11:01,11:06,173,6,256
2025-04-19,11:13,11:17,397,13,545
2025-04-19,11:18,11:34,422,16,580
2025-04-19,13:15,13:19,78,2,125
2025-04-20,01:49,08:46,40,2,64
2025-04-21,17:54,17:58,97,3,156
2025-04-21,21:55,22:03,64,2,102
2025-04-22,02:18,11:04,117,5,187
2025-04-22,18:47,18:52,83,42,133
2025-04-22,22:30,22:38,86,3,138
2025-04-22,22:55,23:00,29,3,47
2025-04-23,12:00,12:09,72,2,115
2025-04-23,16:20,16:36,128,7,205
2025-04-23,19:35,19:47,118,5,189
2025-04-23,19:51,19:56,123,4,197
2025-04-23,20:01,20:32,941,29,1391
2025-04-24,15:02,15:17,101,4,162
2025-04-25,13:14,13:33,628,20,919
2025-04-25,15:19,15:23,89,2,143
2025-04-26,13:35,13:46,333,12,495
2025-04-26,18:00,18:16,60,2,97
2025-04-27,12:31,12:46,67,4,107
2025-04-27,15:15,15:22,76,2,122
2025-04-28,08:39,08:58,72,4,116
2025-04-28,14:03,14:22,114,4,183
2025-04-28,18:21,18:38,98,4,157
2025-04-29,11:46,11:52,50,3,80
2025-04-29,15:45,15:53,52,3,83
2025-04-29,18:39,18:59,230,10,366
2025-04-29,19:10,19:24,176,5,265
2025-04-29,19:37,19:43,126,4,201
2025-04-29,20:13,20:19,154,4,246
2025-04-29,20:21,20:41,189,7,292
2025-04-30,22:41,22:55,80,5,128
2025-05-01,00:32,09:55,64,4,103
2025-05-01,11:54,12:01,640,22,844
2025-05-01,12:20,12:46,981,32,1419
2025-05-01,13:08,13:12,70,3,113
2025-05-01,17:55,18:09,70,4,112
2025-05-01,20:22,20:27,181,4,290
2025-05-01,23:37,23:47,45,2,72
2025-05-02,14:01,14:09,204,7,295
2025-05-02,15:23,15:31,173,5,277
2025-05-03,11:00,11:08,65,2,104
2025-05-03,14:22,14:36,131,5,210
2025-05-04,10:12,10:18,80,3,129
2025-05-04,16:47,16:52,115,4,184
2025-05-04,17:41,17:52,194,7,302
2025-05-04,20:41,20:47,40,2,65
2025-05-04,21:04,21:09,101,3,162
2025-05-05,13:01,13:08,133,5,213
2025-05-05,17:21,17:25,94,3,151
2025-05-06,09:55,09:59,60,3,97
2025-05-06,11:46,11:52,116,4,185
2025-05-06,13:47,14:03,395,13,574
2025-05-06,14:04,14:09,447,16,620
2025-05-06,14:10,14:21,331,9,489
2025-05-06,14:55,15:03,754,25,979
2025-05-06,15:05,15:27,251,8,401
2025-05-06,15:57,16:04,617,21,841
2025-05-06,16:05,16:13,228,7,334
2025-05-06,16:25,16:32,73,3,117
2025-05-06,17:22,17:31,85,4,136
2025-05-06,19:04,19:08,99,63,158
2025-05-06,21:38,21:43,53,3,86
2025-05-07,10:36,11:06,366,14,555
2025-05-07,11:20,11:39,183,8,292
2025-05-07,12:13,12:23,104,3,166
2025-05-07,12:35,12:58,778,25,1161
2025-05-07,13:01,13:22,631,19,973
2025-05-07,13:31,13:46,406,14,587
2025-05-07,13:58,14:08,276,8,441
2025-05-07,14:34,14:43,277,9,420
2025-05-07,16:46,16:50,126,3,202
2025-05-07,16:53,17:23,622,22,918
2025-05-07,17:45,17:49,121,3,194
2025-05-07,17:50,17:59,611,20,848
2025-05-07,18:00,18:08,378,12,586
2025-05-07,22:42,22:47,111,3,177
2025-05-08,09:15,09:30,26,2,43
2025-05-08,19:17,19:26,109,5,175
2025-05-09,01:13,08:40,82,4,131
2025-05-09,09:03,09:21,89,4,142
2025-05-09,13:06,13:11,180,6,261
2025-05-09,15:23,15:32,146,5,234
2025-05-09,15:42,15:56,124,5,199
2025-05-10,11:20,11:35,196,6,305
2025-05-10,12:58,13:02,87,3,139
2025-05-10,13:20,13:42,244,8,387
2025-05-10,13:54,14:10,253,8,398
2025-05-10,14:17,14:35,128,5,204
2025-05-10,15:18,15:38,185,6,296
2025-05-10,16:02,16:06,92,2,147
2025-05-10,22:46,22:53,50,2,80
2025-05-11,12:46,12:52,80,4,128
2025-05-11,13:16,13:24,218,7,330
2025-05-11,13:32,14:08,653,22,951
2025-05-11,14:09,14:13,416,13,571
2025-05-11,14:32,14:37,525,17,681
2025-05-11,14:53,15:01,243,9,356
2025-05-12,07:23,07:32,118,4,189
2025-05-12,07:33,07:46,517,17,717
2025-05-12,07:57,08:23,996,32,1348
2025-05-12,08:27,08:33,148,4,236
2025-05-12,09:02,09:06,99,2,159
2025-05-12,11:38,12:25,1526,51,2229
2025-05-12,12:38,12:43,150,5,240
2025-05-12,12:51,12:55,90,2,144
2025-05-12,13:48,13:55,127,4,203
2025-05-13,01:29,11:47,72,3,115
2025-05-13,12:07,12:23,222,7,354
2025-05-13,16:14,16:18,38,2,61
2025-05-13,20:51,21:19,166,72,265
2025-05-14,13:43,13:54,112,5,180
2025-05-14,15:29,15:33,138,5,220
2025-05-14,15:47,16:00,402,11,625
2025-05-14,16:02,16:19,299,11,423
2025-05-14,16:25,16:41,277,9,442
2025-05-14,20:24,20:30,69,3,111
2025-05-15,14:37,14:43,129,4,206
2025-05-15,15:06,15:14,117,3,187
2025-05-15,21:27,21:37,119,4,191
2025-05-16,10:47,10:52,212,6,313
2025-05-16,12:38,12:43,497,16,719
2025-05-16,13:07,13:12,533,18,677
2025-05-16,14:10,14:14,141,5,199
2025-05-16,14:48,14:52,153,6,207
2025-05-16,14:53,15:03,987,33,1271
2025-05-16,15:04,15:17,160,8,255
2025-05-16,15:27,15:33,197,6,308
2025-05-16,15:50,16:03,1220,42,1563
2025-05-16,16:30,16:35,111,3,177
2025-05-16,23:06,23:15,87,4,140
2025-05-17,09:31,09:35,60,2,96
2025-05-17,10:09,10:24,281,10,398
2025-05-17,10:30,10:42,527,17,767
2025-05-17,10:44,11:09,535,19,728
2025-05-17,12:18,12:29,259,8,384
2025-05-17,12:55,12:59,99,3,159
2025-05-17,13:00,13:04,378,13,518
2025-05-17,13:08,13:23,301,10,481
2025-05-17,13:53,14:10,121,7,193
2025-05-17,14:50,15:01,258,10,373
2025-05-17,15:07,15:11,372,12,498
2025-05-17,15:27,15:35,440,13,644
2025-05-17,16:09,16:24,170,8,260
2025-05-18,02:13,09:37,73,3,117
2025-05-18,14:54,17:53,83,3,133
2025-05-18,20:56,21:02,75,3,121
2025-05-19,13:27,13:35,99,4,159
2025-05-19,14:37,14:42,520,18,663
2025-05-19,15:03,15:22,402,15,610
2025-05-19,15:24,15:28,144,3,231
2025-05-19,15:44,15:49,395,14,548
2025-05-19,15:54,15:58,300,11,446
2025-05-19,16:20,16:26,119,4,190
2025-05-19,20:06,20:11,69,3,110
2025-05-20,14:24,14:43,180,79,288
2025-05-20,16:19,16:25,135,5,216
2025-05-20,16:35,16:39,336,11,472
2025-05-20,22:14,22:18,50,1,81
2025-05-21,08:15,08:24,255,9,370
2025-05-21,09:21,09:26,126,3,202
2025-05-21,10:06,10:15,98,4,157
2025-05-21,10:33,10:43,237,8,379
2025-05-21,11:23,11:28,76,3,122
2025-05-22,14:32,14:36,84,3,134
2025-05-22,14:40,14:50,301,9,450
2025-05-22,14:52,14:56,144,4,230
2025-05-22,14:57,15:42,554,20,832
2025-05-22,15:48,15:54,200,7,306
2025-05-22,16:08,16:21,697,20,1041
2025-05-22,16:52,16:57,70,2,112
2025-05-22,20:40,21:00,85,4,136
2025-05-22,22:19,22:27,73,4,117
2025-05-23,13:09,13:13,104,5,166
2025-05-23,13:23,13:27,358,12,500
2025-05-23,13:28,13:36,108,3,173
2025-05-23,13:53,14:10,204,8,308
2025-05-23,14:21,14:25,58,2,93
2025-05-23,15:25,15:44,185,5,295
2025-05-23,16:03,16:07,92,3,147
2025-05-23,17:16,17:38,492,18,726
2025-05-23,17:45,18:02,1128,37,1569
2025-05-23,18:03,18:14,472,14,696
2025-05-23,18:16,18:40,982,33,1378
2025-05-23,18:49,18:55,292,9,421
2025-05-23,19:04,19:13,444,15,638
2025-05-23,19:23,19:37,336,12,485
2025-05-24,16:33,16:47,89,3,143
2025-05-24,16:57,17:04,157,4,251
2025-05-24,20:03,20:08,82,3,132
2025-05-24,20:39,20:43,137,4,219
2025-05-25,00:54,09:47,59,4,95
2025-05-25,13:11,13:28,258,9,412
2025-05-25,20:56,21:00,189,37,296
2025-05-26,11:44,11:51,96,3,154
2025-05-26,12:53,12:57,82,2,131
2025-05-26,13:45,14:03,122,5,196
2025-05-26,14:04,14:09,85,3,137
2025-05-26,14:36,14:49,314,10,443
2025-05-26,14:50,14:55,435,14,592
2025-05-26,15:08,15:12,335,11,483
2025-05-26,15:47,15:51,181,5,288
2025-05-26,15:52,16:17,1721,58,2416
2025-05-26,17:18,17:22,38,3,62
2025-05-26,22:13,22:17,60,2,97
2025-05-27,01:22,01:31,98,3,157
2025-05-27,13:26,13:30,118,3,189
2025-05-27,16:22,16:33,87,5,139
2025-05-27,20:37,20:41,70,2,112
2025-05-28,08:13,08:18,146,5,233
2025-05-28,09:35,09:42,176,6,282
2025-05-28,23:02,23:13,99,68,158
2025-05-29,10:51,11:18,393,13,618
2025-05-29,12:27,12:37,65,4,104
2025-05-29,13:12,13:20,235,54,376
2025-05-29,17:14,17:24,72,3,115
2025-05-30,01:41,11:00,53,3,86
2025-05-30,11:10,11:17,172,6,275
2025-05-30,11:45,11:50,96,4,153
2025-05-30,11:53,12:11,186,7,298
2025-05-30,15:35,15:40,131,4,210
2025-05-30,20:18,20:34,96,5,153
2025-05-30,23:07,23:11,65,2,105
2025-05-30,23:30,23:42,60,70,97
2025-05-31,06:39,07:02,338,13,512
2025-05-31,07:03,07:07,131,5,209
2025-05-31,07:21,07:25,172,5,256
2025-05-31,07:34,07:39,209,6,306
2025-05-31,09:25,09:40,55,3,89
2025-05-31,12:19,12:24,197,6,285
2025-05-31,12:45,12:50,160,4,255
2025-05-31,13:17,13:31,172,6,253
2025-05-31,21:26,21:55,535,17,808
2025-05-31,22:02,22:17,234,9,354
2025-06-01,11:55,12:02,173,6,257
2025-06-01,12:30,12:37,191,5,305
2025-06-01,12:54,12:58,70,2,113
2025-06-01,14:44,15:13,421,15,639
2025-06-01,15:49,16:07,235,10,347
2025-06-01,19:44,20:01,529,115,843
2025-06-01,21:35,21:50,66,2,106
2025-06-02,10:41,10:48,154,5,247
2025-06-02,11:54,12:11,293,9,418
2025-06-02,12:19,12:23,224,8,337
2025-06-02,13:10,13:16,153,4,245
2025-06-02,14:31,14:56,371,12,585
2025-06-02,16:13,16:18,110,4,176
2025-06-02,17:43,17:47,54,2,87
2025-06-02,18:18,18:30,250,9,394
2025-06-02,18:36,18:40,60,2,96
2025-06-02,18:42,19:06,408,13,617
2025-06-02,19:27,19:42,162,8,241
2025-06-02,23:30,23:43,70,4,113
2025-06-03,12:13,12:17,57,1,91
2025-06-03,12:47,13:16,173,10,276
2025-06-03,13:29,13:34,112,3,179
2025-06-03,13:46,13:50,371,13,521
2025-06-03,13:51,14:08,497,15,731
2025-06-03,14:29,14:37,631,20,867
2025-06-03,14:42,14:56,333,11,515
2025-06-03,15:53,16:10,95,5,152
2025-06-03,17:27,17:37,97,4,155
2025-06-03,17:44,18:01,106,5,170
2025-06-03,18:37,18:43,52,2,84
2025-06-03,20:34,20:39,123,5,191
2025-06-04,01:27,02:07,225,11,360
2025-06-04,02:14,02:19,169,5,255
2025-06-04,03:34,03:42,133,4,213
2025-06-04,05:28,05:39,363,10,580
2025-06-04,05:58,06:03,128,4,205
2025-06-04,06:31,06:55,329,14,522
2025-06-04,06:56,07:13,437,14,657
2025-06-04,07:46,07:52,240,7,379
2025-06-04,08:00,08:04,170,3,272
2025-06-04,08:06,08:20,81,3,130
2025-06-04,14:02,14:24,442,15,683
2025-06-04,14:27,14:32,181,5,290
2025-06-04,14:41,14:47,301,9,473
2025-06-04,14:49,15:07,144,5,231
2025-06-04,18:06,18:10,161,5,235
2025-06-04,21:26,21:36,581,18,903
2025-06-04,21:45,21:53,493,17,744
2025-06-04,21:54,22:09,453,14,717
2025-06-04,22:10,22:30,138,5,220
2025-06-04,23:04,23:09,81,3,130
2025-06-04,23:11,23:59,326,17,520
2025-06-05,09:37,10:19,139,8,222
2025-06-05,10:20,10:24,125,4,200
2025-06-05,10:28,10:41,928,31,1289
2025-06-05,11:47,11:54,594,20,817
2025-06-05,11:58,12:02,118,3,189
2025-06-05,12:03,12:10,604,20,790
2025-06-05,12:11,12:25,355,12,523
2025-06-05,13:17,13:22,117,3,187
2025-06-05,15:07,15:13,147,5,231
2025-06-05,15:23,15:27,167,5,259
2025-06-05,15:50,15:57,258,8,382
2025-06-05,16:52,17:07,1143,39,1617
2025-06-05,17:48,17:53,85,3,136
2025-06-05,18:10,18:14,83,3,133
2025-06-05,20:08,20:14,169,4,270
2025-06-05,20:30,21:16,1554,52,2213
2025-06-05,21:40,22:17,692,21,998
2025-06-05,22:21,22:26,162,5,259
2025-06-05,22:28,22:49,275,10,420
2025-06-05,23:33,23:46,630,18,995
2025-06-06,00:10,00:16,202,7,323
2025-06-06,00:34,00:38,39,3,63
2025-06-06,08:46,08:55,395,13,547
2025-06-06,09:05,09:09,89,2,143
2025-06-06,09:55,10:12,59,2,95
2025-06-06,10:27,10:33,96,2,154
2025-06-06,12:20,12:27,295,8,469
2025-06-06,12:41,12:51,117,6,188
2025-06-06,14:03,14:26,183,5,292
2025-06-06,14:59,15:19,266,9,424
2025-06-06,20:15,20:24,320,11,504
2025-06-06,21:54,22:23,1034,32,1604
2025-06-06,22:54,23:15,763,23,1132
2025-06-07,07:27,07:31,34,1,55
2025-06-07,07:41,08:00,109,5,175
2025-06-07,08:08,08:12,136,5,217
2025-06-07,08:13,08:29,1496,50,1957
2025-06-07,08:45,09:00,1168,40,1554
2025-06-07,09:03,09:09,117,5,188
2025-06-07,09:18,09:33,142,7,227
2025-06-07,09:48,09:56,207,7,307
2025-06-07,10:18,10:25,234,8,363
2025-06-07,10:53,10:58,320,11,459
2025-06-07,12:43,12:58,205,8,307
2025-06-07,14:30,14:43,723,23,1108
2025-06-07,14:50,14:56,64,3,102
2025-06-07,14:58,15:26,596,21,870
2025-06-07,17:16,17:21,247,7,391
2025-06-07,18:22,18:27,109,4,175
2025-06-07,18:29,18:47,191,7,291
2025-06-07,19:47,19:51,113,4,177
2025-06-07,19:56,20:11,1295,43,1753
2025-06-07,23:13,23:20,504,18,693
2025-06-07,23:21,23:25,376,13,519
2025-06-07,23:26,23:32,477,16,690
2025-06-07,23:33,23:39,110,5,176
2025-06-08,08:50,09:03,100,5,160
2025-06-08,09:40,09:44,64,2,102
2025-06-08,10:53,11:11,361,11,576
2025-06-08,11:12,11:23,982,33,1296
2025-06-08,11:24,11:30,197,6,314
2025-06-08,11:52,11:58,245,9,392
2025-06-08,13:14,13:31,437,15,621
2025-06-08,13:48,14:05,495,17,753
2025-06-08,14:14,14:20,187,7,283
2025-06-08,14:40,14:55,103,4,165
2025-06-08,15:31,15:49,88,5,141
2025-06-08,15:52,15:57,124,4,199
2025-06-08,16:10,16:14,141,4,226
2025-06-08,16:22,16:26,151,4,241
2025-06-08,16:27,16:39,1094,37,1427
2025-06-08,16:40,16:45,68,3,109
2025-06-08,16:46,17:11,224,9,358
2025-06-08,17:12,17:24,1066,36,1408
2025-06-08,17:35,17:53,363,13,541
2025-06-08,19:33,19:57,536,18,780
2025-06-08,20:15,20:46,400,15,607
2025-06-08,21:23,21:37,178,6,284
2025-06-08,21:38,21:43,429,14,609
2025-06-08,21:44,22:00,153,5,244
2025-06-08,22:26,22:59,451,15,690
2025-06-08,23:32,23:40,240,6,383
2025-06-09,00:23,00:31,161,4,258
2025-06-09,00:53,00:57,231,8,352
2025-06-09,01:07,01:17,729,25,1064
2025-06-09,01:18,01:26,365,11,569
2025-06-09,01:27,01:35,547,18,820
2025-06-09,10:18,10:22,65,2,105
2025-06-09,10:26,10:34,808,27,1086
2025-06-09,10:38,10:43,168,6,268
2025-06-09,12:36,12:55,136,5,217
2025-06-09,12:56,13:01,219,7,343
2025-06-09,13:02,13:27,1640,56,2280
2025-06-09,14:01,14:08,158,6,251
2025-06-09,14:50,15:00,248,8,393
2025-06-09,15:15,15:27,77,4,123
2025-06-09,15:32,15:41,241,6,385
2025-06-09,16:07,16:11,139,5,202
2025-06-09,17:07,17:21,1076,36,1478
2025-06-09,17:22,17:38,114,4,183
2025-06-09,17:46,18:01,396,15,549
2025-06-09,20:23,20:27,417,14,585
2025-06-09,20:28,20:33,100,3,160
2025-06-09,21:02,21:18,98,5,157
2025-06-09,22:16,22:34,188,5,300
2025-06-09,23:06,23:35,255,8,399
2025-06-10,00:43,00:47,388,13,521
2025-06-10,01:05,01:16,539,18,827
2025-06-10,09:36,09:40,418,14,546
2025-06-10,09:41,09:46,301,10,440
2025-06-10,09:47,09:54,653,22,861
2025-06-10,09:55,09:59,121,3,194
2025-06-10,10:03,10:09,590,20,768
2025-06-10,10:31,10:35,192,7,273
2025-06-10,10:43,10:58,225,7,333
2025-06-10,12:15,12:19,128,3,205
2025-06-10,12:32,12:45,699,23,1080
2025-06-10,12:46,12:56,692,23,1044
2025-06-10,18:07,18:20,109,5,174
2025-06-10,18:27,18:32,186,5,298
2025-06-10,18:41,18:45,72,2,115
2025-06-10,23:40,23:58,261,8,414
2025-06-11,08:46,09:02,115,7,184
2025-06-11,09:09,09:23,111,5,178
2025-06-11,09:31,09:50,134,7,215
2025-06-11,10:07,10:36,195,10,312
2025-06-11,10:45,11:07,385,12,615
2025-06-11,11:09,11:25,103,6,165
2025-06-11,11:34,11:40,480,15,640
2025-06-11,12:03,12:08,485,17,698
2025-06-11,13:21,13:33,623,20,926
2025-06-11,13:34,13:38,117,4,187
2025-06-11,13:46,13:56,188,7,301
2025-06-11,14:22,15:34,748,28,1148
2025-06-11,22:19,22:28,196,6,310
2025-06-12,00:01,00:05,97,2,156
2025-06-12,01:28,01:56,690,22,1063
2025-06-12,02:37,09:59,158,7,253
2025-06-12,10:13,10:19,150,5,240
2025-06-12,10:21,10:46,768,25,1073
2025-06-12,10:49,10:54,133,4,212
2025-06-12,12:23,12:27,52,2,83
2025-06-12,13:08,13:17,69,3,111
2025-06-12,14:16,14:22,80,3,129
2025-06-12,14:48,15:00,67,3,107
2025-06-12,16:32,16:38,79,3,127
2025-06-12,16:45,17:04,104,6,167
2025-06-12,18:24,18:30,59,3,95
2025-06-12,18:31,18:39,810,27,1048
2025-06-12,18:40,19:01,681,23,966
2025-06-12,19:02,19:12,906,30,1193
2025-06-12,19:13,19:31,337,12,498
2025-06-13,00:17,09:06,104,5,167
2025-06-13,09:33,09:47,147,6,235
2025-06-13,12:09,12:17,146,4,234
2025-06-13,12:25,12:37,95,3,152
2025-06-13,13:22,13:26,150,4,207
2025-06-13,14:17,14:21,136,5,218
2025-06-13,14:23,14:50,301,10,464
2025-06-13,15:02,15:22,210,8,335
2025-06-13,15:38,15:47,195,6,311
2025-06-13,16:43,17:00,188,7,291
2025-06-13,17:14,17:40,450,15,668
2025-06-14,10:17,10:22,164,5,260
2025-06-14,12:05,12:29,132,8,211
2025-06-14,13:03,13:17,203,8,314
2025-06-14,18:02,18:06,72,2,116
2025-06-14,18:16,18:31,504,15,719
2025-06-14,19:29,19:44,176,7,258
2025-06-14,23:52,23:56,70,2,112
2025-06-15,14:49,14:53,77,3,124
2025-06-15,20:29,20:42,55,3,88
2025-06-15,20:45,20:50,71,3,114
2025-06-16,12:16,12:28,34,2,55
2025-06-16,14:31,14:50,101,4,162
2025-06-16,14:51,14:55,152,5,243
2025-06-16,20:45,21:00,85,2,136
2025-06-16,22:01,22:15,72,3,116
2025-06-17,13:50,13:58,194,6,291
2025-06-17,14:07,14:16,215,6,319
2025-06-17,14:57,15:03,63,3,101
2025-06-17,15:49,15:53,204,7,313
2025-06-17,16:05,16:09,122,3,195
2025-06-18,10:23,10:39,245,10,353
2025-06-18,11:41,11:59,277,10,423
2025-06-18,12:47,12:52,137,4,219
2025-06-18,14:17,14:36,106,3,170
2025-06-18,15:28,15:32,119,4,191
2025-06-18,15:54,16:03,195,5,289
2025-06-18,17:08,17:25,162,6,259
2025-06-18,17:51,18:00,151,6,241
2025-06-19,11:37,11:52,81,3,130
2025-06-19,13:36,13:47,349,11,528
2025-06-19,13:57,14:06,313,9,448
2025-06-19,14:07,14:11,295,9,446
2025-06-19,14:20,14:28,255,9,373
2025-06-20,10:09,10:29,264,9,387
2025-06-20,11:09,11:13,61,3,98
2025-06-20,12:06,12:11,81,3,130
2025-06-20,18:40,19:20,452,17,661
2025-06-20,19:26,19:42,90,3,145
2025-06-20,21:22,21:39,74,4,119
2025-06-21,11:43,11:48,220,6,342
2025-06-21,12:29,12:37,154,4,246
2025-06-21,12:45,13:07,273,11,398
2025-06-21,13:22,13:26,131,5,191
2025-06-21,17:34,17:38,54,2,87
2025-06-21,22:44,22:49,89,3,143
2025-06-21,22:51,23:05,74,92,118
2025-06-22,19:13,19:28,69,4,110
2025-06-22,21:07,21:11,101,36,162
2025-06-22,22:40,22:45,45,2,72
2025-06-23,15:28,15:47,129,5,207
2025-06-23,16:23,16:36,106,5,169
2025-06-23,18:49,19:03,58,2,94
2025-06-24,22:52,22:57,51,3,82
2025-06-25,20:31,20:45,89,3,143
2025-06-25,21:42,21:46,96,3,153
2025-06-26,13:28,13:32,65,2,104
2025-06-26,13:47,13:55,235,7,358
2025-06-26,20:10,20:14,54,2,87
2025-06-26,22:22,22:48,150,7,227
2025-06-27,00:29,08:55,80,3,128
2025-06-27,11:11,11:20,357,10,542
2025-06-27,11:35,11:51,696,21,1034
2025-06-27,11:52,11:58,511,18,662
2025-06-27,11:59,12:04,126,3,201
2025-06-27,13:23,13:39,173,6,276
2025-06-27,13:49,13:53,156,5,240
2025-06-27,16:01,16:05,64,3,103
2025-06-27,18:42,18:48,154,5,206
2025-06-27,21:01,21:06,114,3,182
2025-06-28,00:05,00:16,70,2,112
2025-06-28,12:44,12:49,165,5,264
2025-06-28,13:06,13:34,434,15,672
2025-06-28,13:49,14:01,178,7,281
2025-06-28,14:35,14:57,96,5,153
2025-06-29,23:43,23:47,26,1,43
2025-06-30,10:43,11:04,104,6,167
2025-06-30,11:31,11:35,75,3,121
2025-06-30,11:51,11:57,163,5,260
2025-06-30,12:47,13:16,956,32,1355
2025-06-30,13:28,13:46,158,7,252
2025-06-30,14:18,14:39,183,7,292
2025-07-01,10:23,10:33,112,4,179
2025-07-01,11:27,11:40,51,2,82
2025-07-01,13:16,13:20,140,3,224
2025-07-01,13:41,13:52,193,6,308
2025-07-01,16:32,16:38,59,4,95
2025-07-01,17:46,18:01,100,4,160
2025-07-01,19:19,19:38,90,5,145
2025-07-01,23:26,23:43,102,5,163
2025-07-02,17:21,17:33,425,12,640
2025-07-02,18:02,18:10,439,13,613
2025-07-02,18:11,18:16,57,2,91
2025-07-02,21:11,21:16,202,5,321
2025-07-02,23:43,23:59,71,4,114
2025-07-03,17:31,17:43,41,2,66
2025-07-04,00:57,10:02,72,3,115
2025-07-04,13:23,13:29,176,5,282
2025-07-04,13:41,13:46,151,5,241
2025-07-05,11:28,11:34,120,4,192
2025-07-05,11:55,12:04,203,6,315
2025-07-05,12:20,12:27,242,7,357
2025-07-05,12:39,12:54,171,7,248
2025-07-05,12:55,13:00,103,3,165
2025-07-05,13:38,13:54,303,10,483
2025-07-05,13:56,14:23,276,10,437
2025-07-05,14:36,14:40,110,3,176
2025-07-05,14:57,15:14,236,6,377
2025-07-05,17:26,17:54,487,19,740
2025-07-05,18:26,18:47,120,7,192
2025-07-05,18:59,19:07,49,4,79
2025-07-05,19:52,19:56,43,3,69
2025-07-06,13:16,13:31,44,2,71
2025-07-06,17:55,18:03,157,67,251
2025-07-07,01:13,10:31,57,4,92
2025-07-07,10:54,11:08,173,6,277
2025-07-07,11:14,11:29,255,9,399
2025-07-07,11:38,11:42,62,3,100
2025-07-07,12:19,12:32,326,11,520
2025-07-07,12:34,12:49,243,9,366
2025-07-07,18:29,18:44,100,3,160
2025-07-08,01:36,11:05,53,2,86
2025-07-08,11:43,11:58,106,4,169
2025-07-09,10:17,10:24,153,5,244
2025-07-09,11:11,11:15,351,12,481
2025-07-09,15:06,15:18,72,4,116
2025-07-09,15:21,15:25,87,2,139
2025-07-09,16:37,16:53,104,4,167
2025-07-09,17:52,17:56,69,3,111
2025-07-09,19:26,19:51,154,8,247
2025-07-09,20:09,20:26,118,6,189
2025-07-10,02:45,02:49,42,1,67
2025-07-10,23:45,23:58,75,4,121
2025-07-11,01:54,11:21,64,3,102
2025-07-11,15:31,15:37,144,5,230
2025-07-11,15:48,16:04,305,11,436
2025-07-11,16:18,16:29,183,6,265
2025-07-11,17:02,17:22,133,5,212
2025-07-12,23:05,23:09,85,4,137
2025-07-13,13:41,13:46,225,6,330
2025-07-13,15:31,15:46,115,4,184
2025-07-13,22:51,22:58,75,2,121
2025-07-14,18:29,18:37,61,3,98
2025-07-15,01:19,08:57,719,25,984
2025-07-15,13:37,13:59,94,4,151
2025-07-15,21:49,21:53,80,3,128
2025-07-16,10:35,10:51,127,7,203
2025-07-16,11:01,11:11,237,7,367
2025-07-16,11:27,11:45,476,15,701
2025-07-16,11:57,12:15,441,13,703
2025-07-16,12:21,12:27,187,6,299
2025-07-16,12:37,12:47,133,3,212
2025-07-16,12:48,12:52,265,10,396
2025-07-16,13:27,13:37,303,9,468
2025-07-16,16:13,16:17,52,3,83
2025-07-16,16:40,16:52,119,4,190
2025-07-17,00:24,10:59,141,5,226
2025-07-17,11:00,11:06,170,6,272
2025-07-17,11:21,11:28,158,5,253
2025-07-17,11:39,11:50,200,8,290
2025-07-17,14:39,15:07,161,5,257
2025-07-18,12:16,12:31,52,2,84
2025-07-18,13:19,13:34,121,6,194
2025-07-18,17:19,17:23,70,3,113
2025-07-19,18:49,18:57,110,51,176
2025-07-20,17:53,18:03,210,7,326
2025-07-20,18:46,18:50,129,4,206
2025-07-20,19:00,19:06,97,4,156
2025-07-22,10:52,10:58,169,6,258
2025-07-22,11:35,11:49,396,13,587
2025-07-22,12:07,12:12,288,9,446
2025-07-22,12:30,12:34,147,4,235
2025-07-22,16:49,16:53,58,3,94
2025-07-22,23:25,23:29,46,2,74
2025-07-23,00:47,00:55,86,2,138
2025-07-23,01:06,09:57,45,2,73
2025-07-23,09:58,10:02,150,3,240
2025-07-23,10:21,10:27,128,4,205
2025-07-23,10:29,11:02,582,21,848
2025-07-23,12:52,12:56,109,3,175
2025-07-23,15:23,15:35,92,4,148
2025-07-23,15:39,15:50,193,6,309
2025-07-23,16:22,16:46,230,8,367
2025-07-23,18:00,18:06,115,4,184
2025-07-23,18:11,18:23,265,10,423
2025-07-23,21:56,22:00,35,2,56
2025-07-24,14:47,14:52,60,2,96
2025-07-25,11:49,11:53,77,2,124
2025-07-25,20:30,20:52,203,6,325
2025-07-25,21:03,21:17,52,3,84
2025-07-25,22:39,22:56,80,4,129
2025-07-26,11:54,11:58,156,4,249
2025-07-26,12:55,12:59,107,4,164
2025-07-26,13:01,13:16,242,8,372
2025-07-26,16:41,17:01,84,5,135
2025-07-26,21:13,21:29,75,3,121
2025-07-27,03:29,11:09,127,5,203
2025-07-27,16:27,16:31,61,2,98
2025-07-28,20:47,20:53,82,3,132
2025-07-29,00:13,05:18,192,7,306
2025-07-29,05:31,05:55,1021,34,1433
2025-07-29,06:07,06:11,157,5,251
2025-07-29,08:22,08:26,107,3,171
2025-07-29,08:27,08:37,518,18,690
2025-07-29,08:38,08:43,112,4,180
2025-07-29,21:32,21:36,191,5,286
2025-07-29,21:37,21:55,190,7,300
2025-07-29,22:11,22:18,183,6,292
2025-07-30,12:11,12:16,86,3,138
2025-07-30,12:27,12:35,126,5,201
2025-07-30,15:26,15:34,71,2,114
2025-07-31,00:13,00:17,82,3,131
2025-07-31,14:05,14:18,62,3,99
2025-07-31,22:36,22:50,90,6,145
2025-08-01,13:24,13:28,65,1,105
2025-08-01,13:53,14:07,129,7,207
2025-08-01,23:33,23:48,156,95,244
2025-08-02,10:07,10:25,184,6,268
2025-08-02,10:35,10:43,240,6,384
2025-08-02,10:53,11:09,205,8,322
2025-08-02,11:20,11:29,248,8,391
2025-08-02,11:54,12:02,301,10,472
2025-08-02,12:10,12:24,499,16,737
2025-08-02,12:38,12:43,118,4,189
2025-08-03,11:18,11:37,142,7,227
2025-08-03,12:02,12:06,48,3,78
2025-08-04,11:13,11:20,180,6,288
2025-08-04,12:42,12:54,205,6,327
2025-08-04,19:28,19:42,45,4,73
2025-08-04,23:01,23:14,98,2,157
2025-08-05,01:18,01:22,72,2,116
2025-08-05,11:14,11:35,181,7,290
2025-08-05,21:15,21:32,98,4,157
2025-08-05,22:36,22:51,118,4,189
2025-08-06,00:47,10:50,57,4,92
2025-08-06,13:07,13:17,127,4,203
2025-08-06,13:57,14:11,94,4,151
2025-08-06,20:30,20:34,81,3,130
2025-08-07,16:28,16:37,196,7,286
2025-08-07,17:00,17:16,216,9,319
2025-08-07,17:23,17:30,136,4,217
2025-08-08,09:26,09:33,141,5,226
2025-08-09,12:04,12:09,100,4,160
2025-08-09,13:27,13:39,161,6,258
2025-08-09,14:10,14:28,306,9,488
2025-08-09,14:51,15:10,278,11,440
2025-08-09,15:42,16:04,502,16,797
2025-08-09,16:30,16:37,195,6,312
2025-08-09,16:48,17:07,228,9,332
2025-08-10,18:35,18:45,122,4,195
2025-08-11,18:39,18:47,209,7,313
2025-08-11,23:28,23:32,83,3,133
2025-08-12,01:52,12:52,64,2,103
2025-08-13,10:36,10:43,82,2,132
2025-08-13,12:47,13:02,154,6,232
2025-08-13,13:10,13:14,188,6,268
2025-08-13,13:37,13:42,55,3,89
2025-08-13,13:50,16:35,111,4,177
2025-08-13,19:08,19:17,183,6,293
2025-08-13,20:55,20:59,52,2,83
2025-08-14,13:57,14:06,89,3,143
2025-08-15,11:44,12:03,95,3,152
2025-08-15,23:07,23:12,41,2,66
2025-08-16,12:04,12:08,68,3,109
2025-08-16,12:37,12:55,117,6,187
2025-08-16,12:56,13:15,1263,42,1787
2025-08-16,13:16,13:30,450,13,694
2025-08-16,13:31,13:43,906,31,1299
2025-08-16,13:44,13:48,85,2,137
2025-08-16,14:04,14:10,141,6,192
2025-08-16,20:05,20:10,134,4,215
2025-08-18,01:37,09:58,228,10,333
2025-08-18,10:03,10:08,118,4,189
2025-08-18,10:27,10:57,481,19,702
2025-08-18,10:58,11:16,308,10,492
2025-08-18,11:22,11:31,256,9,375
2025-08-18,11:32,11:36,197,6,298
2025-08-18,11:53,12:12,63,4,101
2025-08-18,12:20,12:31,128,5,204
2025-08-18,12:46,12:58,259,8,414
2025-08-18,15:05,15:19,90,4,144
2025-08-18,16:24,16:29,402,13,560
2025-08-18,16:38,16:44,407,14,588
2025-08-18,16:51,16:55,187,6,286
2025-08-18,17:05,17:10,266,9,387
2025-08-18,17:31,17:36,69,2,110
2025-08-19,09:08,09:15,178,7,272
2025-08-19,09:41,09:54,307,11,481
2025-08-19,09:56,10:24,372,16,529
2025-08-19,11:40,11:54,79,6,127
2025-08-19,13:38,13:44,139,4,223
2025-08-19,14:02,14:06,294,9,407
2025-08-19,15:24,15:45,450,17,663
2025-08-19,15:47,15:51,111,3,177
2025-08-20,09:33,09:51,186,7,279
2025-08-20,10:08,10:19,282,7,450
2025-08-20,10:30,10:44,111,2,177
2025-08-20,11:31,11:36,109,3,174
2025-08-20,12:57,13:08,253,8,404
2025-08-20,13:15,13:22,178,6,285
2025-08-20,13:30,13:44,432,14,637
2025-08-20,14:09,14:14,107,3,172
2025-08-20,16:01,16:06,99,3,159
2025-08-20,16:32,16:36,293,11,406
2025-08-20,16:37,17:10,653,20,954
2025-08-21,08:56,09:16,55,3,88
2025-08-21,09:23,09:35,199,8,293
2025-08-21,09:51,09:55,121,4,194
2025-08-21,11:11,11:15,80,2,128
2025-08-21,12:39,12:46,315,10,463
2025-08-21,13:07,13:25,435,13,674
2025-08-21,14:00,14:21,232,10,370
2025-08-21,15:05,15:42,174,9,278
2025-08-21,15:56,16:10,258,11,371
2025-08-21,16:29,17:03,885,32,1273
2025-08-21,22:57,23:05,100,3,160
2025-08-22,09:24,09:44,219,9,334
2025-08-22,12:12,12:18,195,7,310
2025-08-22,12:19,12:42,472,14,666
2025-08-22,13:27,13:32,244,8,360
2025-08-22,14:20,14:35,190,8,303
2025-08-22,14:43,15:05,108,7,173
2025-08-22,15:12,15:27,62,5,100
2025-08-22,15:33,15:59,133,6,212
2025-08-22,17:39,18:01,171,7,273
2025-08-22,19:20,19:51,246,9,388
2025-08-22,19:57,20:07,161,5,258
2025-08-22,21:50,21:56,161,5,257
2025-08-23,17:53,17:57,64,3,102
2025-08-24,13:41,13:45,82,3,131
2025-08-24,14:13,14:23,194,6,298
2025-08-24,14:46,14:55,162,4,259
2025-08-24,15:05,15:13,90,3,144
2025-08-24,17:00,17:14,70,3,113
2025-08-24,18:11,18:29,107,4,171
2025-08-24,21:15,21:31,56,3,90
2025-08-25,12:53,12:57,58,1,94
2025-08-25,15:50,16:05,62,3,100
2025-08-26,10:38,10:56,207,8,331
2025-08-26,11:00,11:06,307,11,459
2025-08-26,11:17,11:21,90,3,145
2025-08-26,11:29,11:34,99,3,158
2025-08-26,11:36,11:49,117,4,188
2025-08-26,11:50,11:54,64,1,103
2025-08-26,11:56,12:21,220,8,351
2025-08-26,12:22,12:27,183,6,293
2025-08-26,12:41,12:49,256,10,392
2025-08-26,13:02,13:17,198,6,316
2025-08-26,13:18,13:22,52,2,84
2025-08-26,15:06,15:20,177,83,283
2025-08-26,21:05,21:11,58,3,94
2025-08-26,23:05,23:16,102,4,164
2025-08-27,17:49,17:53,161,6,251
2025-08-27,18:32,18:50,391,14,541
2025-08-27,18:51,18:57,411,14,559
2025-08-27,22:25,22:31,65,3,105
2025-08-27,23:49,23:54,78,4,125
2025-08-28,09:25,09:42,226,7,344
2025-08-28,10:36,10:50,183,7,292
2025-08-28,18:15,18:31,114,5,182
2025-08-28,18:50,18:58,185,6,269
2025-08-29,10:57,11:11,209,8,328
2025-08-29,12:52,12:57,113,3,181
2025-08-29,13:43,13:47,63,2,101
2025-08-29,15:16,15:21,143,4,228
2025-08-29,16:29,16:38,831,28,1091
2025-08-29,16:39,16:47,282,10,395
2025-08-29,16:48,17:00,971,33,1352
2025-08-29,17:01,17:07,134,4,215
2025-08-30,11:03,11:07,87,3,139
2025-08-30,11:21,11:30,356,12,529
2025-08-30,11:43,12:05,462,14,696
2025-08-30,12:17,12:28,425,13,637
2025-08-30,12:29,12:36,599,21,826
2025-08-30,13:11,13:25,177,5,271
2025-08-30,22:59,23:07,64,1,103
2025-08-31,23:38,23:45,58,2,94
2025-09-01,00:02,08:22,94,4,151
2025-09-01,08:23,08:28,420,15,549
2025-09-01,08:39,08:53,472,16,658
2025-09-01,08:54,08:59,89,4,143
2025-09-01,17:02,17:16,101,3,161
2025-09-01,19:53,20:08,75,2,120
2025-09-02,21:47,21:52,84,3,135
2025-09-03,10:11,10:20,176,7,263
2025-09-03,21:34,21:45,134,4,215
2025-09-04,10:32,10:36,47,1,75
2025-09-04,12:54,13:02,198,5,307
2025-09-04,13:20,13:42,191,6,305
2025-09-04,14:37,14:42,111,3,178
2025-09-04,15:27,15:49,172,7,275
2025-09-04,16:10,16:14,148,4,236
2025-09-04,16:44,17:08,121,6,193
2025-09-05,11:06,11:23,77,3,123
2025-09-05,14:50,15:06,42,1,68
2025-09-05,16:31,16:40,109,3,175
2025-09-06,09:48,10:16,294,10,470
2025-09-06,10:53,10:58,128,4,204
2025-09-06,14:17,14:21,164,5,237
2025-09-06,15:10,15:27,88,6,141
2025-09-06,16:26,16:30,74,2,118
2025-09-06,17:13,17:30,429,16,685
2025-09-06,17:51,17:55,174,6,264
2025-09-06,18:07,18:12,262,9,387
2025-09-06,18:19,18:23,276,9,385
2025-09-06,18:37,18:43,431,15,602
2025-09-06,18:48,19:10,579,17,922
2025-09-06,23:27,23:33,154,5,246
2025-09-07,00:45,00:52,99,3,158
2025-09-08,09:44,09:54,463,16,675
2025-09-08,10:13,10:32,270,9,407
2025-09-08,10:33,10:41,198,5,315
2025-09-08,13:12,13:29,137,6,219
2025-09-08,15:34,15:49,367,13,508
2025-09-08,16:18,16:32,232,8,371
2025-09-08,19:23,19:36,284,9,453
2025-09-09,00:37,10:21,41,1,66
2025-09-09,14:52,15:11,84,3,135
2025-09-09,15:55,16:09,108,3,173
2025-09-10,16:31,16:51,315,10,452
2025-09-10,19:28,19:50,515,19,744
2025-09-10,20:00,20:06,279,25,445
2025-09-10,22:41,23:01,95,4,152
2025-09-11,12:10,12:24,222,8,339
2025-09-11,12:39,12:47,428,14,594
2025-09-11,13:06,13:10,121,3,193
2025-09-11,13:16,13:43,515,14,822
2025-09-11,14:12,14:24,241,6,385
2025-09-11,14:40,14:48,195,4,312
2025-09-11,15:14,15:22,245,5,391
2025-09-11,15:28,15:34,179,5,286
2025-09-11,15:44,16:10,538,20,769
2025-09-11,16:31,16:49,142,5,227
2025-09-11,20:28,21:03,203,9,325
2025-09-12,22:29,22:39,55,3,88
2025-09-13,11:14,11:25,867,30,1159
2025-09-13,11:26,11:40,681,21,997
2025-09-13,11:42,11:59,343,13,528
2025-09-13,12:00,12:11,879,30,1230
2025-09-13,13:40,13:45,99,3,158
2025-09-13,14:33,14:38,109,4,175
2025-09-13,14:52,14:58,175,5,261
2025-09-13,19:42,19:51,176,6,282
2025-09-13,21:10,21:45,217,9,347
2025-09-13,22:39,22:54,70,2,113
2025-09-15,13:06,13:10,105,3,168
2025-09-15,13:11,13:18,569,19,745
2025-09-15,14:13,14:20,102,4,164
2025-09-15,16:22,16:37,445,16,630
2025-09-15,17:12,17:20,359,12,521
2025-09-15,22:56,23:06,99,4,158
2025-09-16,00:00,10:39,90,3,144
2025-09-16,13:23,13:35,141,5,226
2025-09-16,13:36,13:56,1509,51,2042
2025-09-16,14:11,14:16,542,18,682
2025-09-16,14:37,14:41,388,13,519
2025-09-16,15:01,15:05,94,2,150
2025-09-16,15:24,15:31,74,3,118
2025-09-16,15:37,15:56,242,8,387
2025-09-16,16:28,16:33,140,3,224
2025-09-16,18:14,18:22,148,5,237
2025-09-16,19:54,19:59,132,5,194
2025-09-17,10:13,10:17,261,9,372
2025-09-17,10:18,10:35,146,5,234
2025-09-17,10:58,11:02,241,8,376
2025-09-17,11:16,11:25,826,27,1136
2025-09-17,11:31,11:38,724,24,937
2025-09-17,15:02,15:10,292,10,437
2025-09-17,15:27,15:33,556,19,693
2025-09-17,15:56,16:01,543,19,684
2025-09-17,16:14,16:19,229,7,339
2025-09-17,16:32,16:39,115,3,184
2025-09-17,18:31,18:35,76,3,122
2025-09-18,15:01,15:10,122,4,196
2025-09-18,16:28,16:41,212,8,316
2025-09-18,21:20,21:37,69,3,111
2025-09-20,02:35,09:52,129,5,207
2025-09-20,10:42,10:57,148,6,237
2025-09-20,12:04,12:47,144,7,231
2025-09-20,13:59,14:03,111,3,178
2025-09-20,14:44,14:58,67,4,107
2025-09-20,15:19,15:32,149,5,238
2025-09-20,16:34,16:49,46,2,74
2025-09-22,10:30,10:37,82,3,131
2025-09-22,11:32,11:47,107,4,172
2025-09-22,16:30,16:34,112,4,179
2025-09-22,17:09,17:16,433,14,576
2025-09-22,20:28,20:55,127,6,203
2025-09-22,22:18,22:38,146,5,234
2025-09-23,00:48,11:39,294,10,442
2025-09-23,13:36,13:40,87,3,140
2025-09-23,18:07,18:15,762,26,992
2025-09-23,18:17,18:28,440,14,615
2025-09-23,18:31,18:35,105,3,168
2025-09-23,18:36,18:51,1128,39,1597
2025-09-23,22:40,23:02,168,5,269
2025-09-24,09:46,09:52,114,3,182
2025-09-24,11:04,11:10,183,6,293
2025-09-24,11:11,11:32,224,9,338
2025-09-24,17:18,17:24,75,3,120
2025-09-24,19:46,19:52,112,29,179
2025-09-24,23:24,23:33,74,3,119
2025-09-25,01:30,10:05,61,2,98
2025-09-25,11:52,12:07,54,3,87
2025-09-25,13:46,13:50,71,3,114
2025-09-25,14:02,14:09,248,8,385
2025-09-25,14:21,14:45,827,27,1244
2025-09-25,15:05,15:14,743,26,1032
2025-09-25,15:15,16:00,912,31,1334
2025-09-25,23:11,23:23,97,4,155
2025-09-26,22:46,22:50,84,3,135
2025-09-27,02:10,11:59,149,5,232
2025-09-27,12:06,12:39,302,12,471
2025-09-27,12:51,13:29,264,13,401
2025-09-27,13:30,13:34,118,3,189
2025-09-27,14:03,14:26,743,22,1156
2025-09-27,14:29,14:45,261,7,417
2025-09-27,15:32,15:40,166,5,266
2025-09-27,16:07,16:13,183,6,261
2025-09-27,17:12,17:16,134,3,215
2025-09-27,18:16,18:23,68,3,109
2025-09-27,19:42,19:59,106,3,170
2025-09-27,20:10,20:28,111,5,178
2025-09-27,20:41,20:58,188,6,290
2025-09-27,21:30,21:35,141,4,225
2025-09-27,21:55,22:05,258,10,385
2025-09-27,22:19,22:24,395,12,540
2025-09-27,22:44,22:56,1078,36,1474
2025-09-28,00:03,00:18,92,4,148
2025-09-28,01:14,14:38,230,9,357
2025-09-28,23:32,23:41,119,5,190
2025-09-29,10:22,10:31,189,6,294
2025-09-29,10:50,10:58,200,5,320
2025-09-29,11:00,11:20,428,14,652
2025-09-29,11:54,12:03,167,5,267
2025-09-29,12:15,12:21,117,4,187
2025-09-29,12:22,12:36,89,4,142
2025-09-29,12:59,13:15,249,10,359
2025-09-29,14:49,14:53,102,3,164
2025-09-29,15:00,15:16,245,7,392
2025-09-29,16:52,16:56,81,2,130
2025-09-29,17:02,17:15,287,10,458
2025-09-29,17:26,17:32,158,6,247
2025-09-29,18:36,18:52,44,2,71
2025-09-29,18:53,18:57,76,3,122
2025-09-29,19:16,19:22,126,5,201
2025-09-29,19:45,19:49,97,3,155
2025-09-29,22:54,23:02,92,2,147
2025-09-30,13:50,13:56,87,4,139
2025-09-30,14:58,15:03,75,2,120
2025-09-30,15:51,16:02,95,4,152
2025-09-30,19:36,20:05,72,4,115
2025-09-30,22:24,22:28,87,3,139
2025-10-01,09:29,09:33,114,3,183
2025-10-01,10:03,10:08,225,7,360
2025-10-01,17:41,17:47,127,4,203
2025-10-01,18:24,18:31,281,9,403
2025-10-01,19:40,19:50,90,5,145
2025-10-01,22:48,23:00,94,4,150
2025-10-02,00:57,10:29,49,3,79
2025-10-02,14:03,14:07,181,5,286
2025-10-02,14:32,14:40,240,9,360
2025-10-02,14:51,14:56,491,16,648
2025-10-02,15:20,15:26,567,19,743
2025-10-02,15:28,15:53,525,17,781
2025-10-02,16:55,17:00,78,3,125
2025-10-02,17:09,17:17,189,7,299
2025-10-03,12:53,13:05,107,4,172
2025-10-03,13:06,13:10,77,2,123
2025-10-03,13:22,13:26,330,11,453
2025-10-03,14:01,14:11,218,7,326
2025-10-03,15:14,15:20,169,6,269
2025-10-03,15:36,15:50,87,2,139
2025-10-03,21:51,21:56,177,38,277
2025-10-03,22:05,22:21,80,6,128
2025-10-04,11:17,11:36,1550,51,2191
2025-10-04,11:37,11:47,107,5,171
2025-10-04,13:13,13:18,164,5,245
2025-10-04,19:25,19:33,248,8,374
2025-10-05,11:15,11:22,181,7,276
2025-10-05,11:44,11:49,514,17,664
2025-10-05,12:15,12:36,185,7,295
2025-10-05,12:51,12:58,344,12,500
2025-10-05,12:59,13:04,441,15,616
2025-10-05,13:21,13:26,133,4,213
2025-10-05,16:05,16:31,160,8,256
2025-10-05,16:32,16:36,90,2,145
2025-10-05,16:44,16:52,223,5,356
2025-10-05,20:07,20:16,73,3,117
2025-10-05,22:16,22:21,69,2,111
2025-10-05,23:28,23:35,64,2,102
2025-10-06,11:32,11:47,211,6,337
2025-10-06,11:48,11:53,70,2,112
2025-10-06,18:33,18:41,72,63,116
2025-10-07,10:33,10:49,76,3,122
2025-10-07,13:42,13:53,217,7,312
2025-10-07,14:47,14:51,220,8,295
2025-10-07,15:03,15:10,179,6,286
2025-10-07,20:04,20:18,55,2,89
2025-10-08,08:48,08:55,43,2,70
2025-10-08,09:34,09:39,52,2,83
2025-10-08,11:05,11:19,123,4,197
2025-10-08,11:28,11:32,71,3,114
2025-10-08,13:10,13:15,94,4,151
2025-10-08,13:16,13:34,202,7,299
2025-10-08,13:53,14:31,388,19,596
2025-10-08,14:32,14:36,106,4,170
2025-10-08,14:49,14:53,122,5,196
2025-10-08,15:49,15:57,94,4,150
2025-10-08,16:21,16:38,259,8,413
2025-10-08,18:13,18:21,622,20,817
2025-10-08,18:36,18:44,325,11,460
2025-10-09,02:28,10:03,193,7,309
2025-10-09,10:17,10:22,139,6,208
2025-10-09,11:03,11:11,201,7,292
2025-10-09,13:10,13:18,182,7,283
2025-10-09,14:11,14:15,106,3,170
2025-10-09,15:45,16:00,279,11,421
2025-10-09,17:16,17:20,131,4,204
2025-10-09,17:21,17:40,214,8,338
2025-10-09,19:29,19:36,135,5,216
2025-10-09,19:53,20:02,377,14,520
2025-10-09,22:02,22:07,74,2,118
2025-10-09,22:33,22:53,135,6,216
2025-10-10,09:05,09:13,151,4,226
2025-10-10,09:57,10:02,148,5,236
2025-10-10,10:26,10:30,155,5,230
2025-10-10,12:06,12:16,224,7,353
2025-10-10,12:23,12:27,71,2,114
2025-10-10,14:04,14:11,710,23,954
2025-10-10,14:47,14:55,186,7,269
2025-10-10,16:07,16:29,218,9,349
2025-10-10,16:45,16:49,73,2,117
2025-10-11,01:13,01:17,64,2,102
2025-10-11,09:54,10:11,345,11,540
2025-10-11,12:17,12:27,188,7,273
2025-10-11,12:48,12:53,68,3,109
2025-10-11,16:31,17:06,275,9,424
2025-10-11,18:58,19:20,640,22,947
2025-10-11,19:21,19:25,134,5,212
2025-10-11,21:29,21:34,154,5,228
2025-10-12,00:02,00:07,169,5,263
2025-10-12,00:19,00:27,147,5,235
2025-10-12,00:43,00:48,133,3,212
2025-10-12,00:50,01:09,62,4,100
2025-10-12,10:09,10:19,128,5,204
2025-10-12,12:15,12:19,96,3,154
2025-10-12,14:17,14:39,680,22,1079
2025-10-12,15:36,15:40,180,5,288
2025-10-12,15:46,16:03,786,25,1231
2025-10-12,16:48,17:00,390,11,623
2025-10-12,17:06,17:11,353,12,548
2025-10-12,17:17,17:23,169,6,270
2025-10-12,17:51,18:05,540,17,847
2025-10-12,20:32,20:38,157,6,243
2025-10-12,21:13,21:27,151,5,241
2025-10-13,09:22,09:27,141,4,226
2025-10-13,09:44,09:49,168,6,253
2025-10-13,10:42,10:56,75,3,120
2025-10-13,13:50,13:55,61,3,98
2025-10-13,16:48,16:52,48,2,78
2025-10-13,22:05,22:22,245,9,382
2025-10-14,00:01,00:16,69,3,111
2025-10-14,09:45,09:52,140,5,216
2025-10-14,11:30,11:48,219,8,332
2025-10-14,12:23,12:27,138,4,217
2025-10-14,13:02,13:07,156,5,249
2025-10-14,15:56,16:18,163,7,260
2025-10-15,08:48,08:59,169,8,237
2025-10-15,09:15,09:21,146,4,233
2025-10-15,09:40,09:53,111,4,178
2025-10-15,09:54,09:58,274,9,412
2025-10-15,11:20,11:27,296,10,438
2025-10-15,11:39,11:43,142,4,224
2025-10-15,12:28,12:39,791,27,1166
2025-10-15,12:40,12:46,192,6,305
2025-10-15,12:47,12:51,389,13,528
2025-10-15,13:00,13:06,116,4,186
2025-10-15,13:08,13:28,439,15,642
2025-10-15,13:30,13:44,333,10,531
2025-10-15,14:02,14:11,306,9,465
2025-10-15,14:12,14:23,858,29,1214
2025-10-15,14:24,14:31,101,4,161
2025-10-15,14:32,14:46,57,2,92
2025-10-15,17:49,17:54,156,4,249
2025-10-15,18:29,18:35,151,5,242
2025-10-16,06:42,06:50,153,5,235
2025-10-16,06:56,07:11,129,4,207
2025-10-16,07:17,07:23,150,5,240
2025-10-16,07:50,08:05,233,8,347
2025-10-16,10:04,10:08,224,7,334
2025-10-16,10:31,10:43,267,9,427
2025-10-16,10:54,11:09,204,6,326
2025-10-16,12:17,12:37,670,19,1048
2025-10-16,14:03,14:07,136,5,217
2025-10-16,16:50,17:04,417,12,603
2025-10-16,18:32,18:43,440,15,639
2025-10-16,21:20,21:37,85,3,137
2025-10-17,06:51,06:59,26,1,43
2025-10-17,07:36,07:41,365,13,517
2025-10-17,09:29,09:36,184,6,274
2025-10-17,11:07,11:11,403,13,535
2025-10-17,11:12,11:31,611,20,883
2025-10-17,11:42,12:01,1065,35,1520
2025-10-17,12:06,12:10,376,13,509
2025-10-17,12:11,12:15,279,9,400
2025-10-17,14:17,14:22,227,7,361
2025-10-17,17:01,17:06,187,5,299
2025-10-17,17:16,17:21,311,9,435
2025-10-17,19:18,19:26,168,5,261
2025-10-17,20:23,20:41,279,9,406
2025-10-19,22:37,22:47,101,3,162
2025-10-20,09:37,09:45,246,9,375
2025-10-20,10:04,10:19,262,9,406
2025-10-20,10:47,10:52,142,5,212
2025-10-20,11:58,12:04,101,4,162
2025-10-20,13:21,13:33,139,4,222
2025-10-20,14:39,14:45,105,2,168
2025-10-20,16:09,16:14,97,3,156
2025-10-20,17:00,17:26,197,10,312
2025-10-20,17:34,17:56,235,10,366
2025-10-20,18:18,18:29,338,12,475
2025-10-21,13:35,13:39,79,2,127
2025-10-21,15:28,15:43,58,3,94
2025-10-21,16:53,17:10,459,15,684
2025-10-21,17:34,17:41,195,7,311
2025-10-21,20:29,20:46,61,4,98
2025-10-22,14:04,14:13,208,6,315
2025-10-22,15:43,15:47,470,16,607
2025-10-22,15:54,15:58,128,5,205
2025-10-22,16:08,16:12,153,4,245
2025-10-22,16:16,16:20,160,6,251
2025-10-22,18:01,18:19,218,8,338
2025-10-23,01:00,09:31,45,3,73
2025-10-23,11:19,11:24,172,5,247
2025-10-23,11:57,12:23,218,10,348
2025-10-23,12:42,13:04,169,7,270
2025-10-23,15:13,15:20,178,4,284
2025-10-24,09:25,09:29,412,14,567
2025-10-24,12:14,12:18,50,2,80
2025-10-24,13:57,14:02,170,4,272
2025-10-24,15:13,15:43,665,22,1003
2025-10-24,17:30,17:37,230,6,364
2025-10-24,17:53,18:02,222,6,351
2025-10-24,18:22,18:29,131,5,210
2025-10-24,18:36,18:40,235,7,371
2025-10-24,18:41,18:47,544,19,739
2025-10-24,18:57,19:12,215,8,323
2025-10-24,20:07,20:31,198,9,316
2025-10-24,22:21,22:36,84,4,135
2025-10-25,08:03,08:19,222,8,354
2025-10-25,10:20,10:55,432,13,667
2025-10-25,12:05,12:13,149,6,230
2025-10-25,12:20,12:24,200,6,312
2025-10-25,12:42,12:47,238,7,374
2025-10-25,13:01,13:23,809,25,1256
2025-10-25,13:39,13:51,977,33,1334
2025-10-25,13:52,14:02,350,10,551
2025-10-25,14:07,14:50,1382,43,2054
2025-10-25,14:51,14:55,405,14,539
2025-10-25,15:00,15:11,505,15,761
2025-10-25,15:12,15:19,635,21,851
2025-10-25,15:40,15:46,508,17,707
2025-10-25,17:07,17:21,477,15,750
2025-10-25,17:31,17:47,406,14,608
2025-10-25,17:54,18:15,780,23,1193
2025-10-25,18:16,18:20,288,10,444
2025-10-25,18:21,18:28,88,3,141
2025-10-25,19:30,19:38,398,12,626
2025-10-25,20:08,20:12,381,13,548
2025-10-25,22:54,23:06,192,6,283
2025-10-26,11:48,12:02,85,4,137
2025-10-26,12:05,12:10,60,2,97
2025-10-26,13:17,13:32,104,3,167
2025-10-26,18:13,18:34,80,3,129
2025-10-27,11:08,11:12,104,3,167
2025-10-27,11:32,11:36,139,3,223
2025-10-27,12:54,12:59,176,6,282
2025-10-27,14:48,14:54,94,4,150
2025-10-27,15:07,15:16,929,31,1154
2025-10-27,15:38,15:43,401,13,594
2025-10-27,15:47,15:54,246,7,386
2025-10-27,15:59,16:12,1038,35,1412
2025-10-27,16:13,16:20,318,10,444
2025-10-27,16:29,16:38,149,4,239
2025-10-27,17:11,17:21,103,2,165
2025-10-27,21:42,22:00,65,4,105
2025-10-28,04:22,04:26,131,5,210
2025-10-28,06:13,06:17,69,3,110
2025-10-28,06:18,06:32,116,3,185
2025-10-28,06:40,07:07,440,15,664
2025-10-28,07:08,07:13,535,18,678
2025-10-28,08:42,08:52,189,7,302
2025-10-28,08:57,09:01,70,2,112
2025-10-30,17:19,17:34,238,9,380
2025-10-30,17:36,17:43,192,7,305
2025-10-31,14:06,14:15,357,12,533
2025-10-31,14:28,14:35,715,24,930
2025-10-31,14:56,15:06,941,31,1216
2025-10-31,15:16,15:33,301,11,449
2025-10-31,20:00,20:53,56,3,90
2025-11-01,22:32,22:52,89,3,142
2025-11-02,11:38,11:42,62,2,99
2025-11-02,20:27,20:37,83,3,133
2025-11-03,10:19,10:25,136,4,217
2025-11-03,10:26,10:35,750,25,1061
2025-11-03,10:53,11:00,217,7,343
2025-11-03,11:04,11:17,1173,39,1496
2025-11-03,11:18,11:34,106,4,169
2025-11-03,15:59,16:03,52,1,83
2025-11-03,16:05,16:16,69,2,111
2025-11-03,19:05,19:13,96,3,154
2025-11-03,21:35,21:42,101,4,161
2025-11-04,01:46,11:17,136,5,218
2025-11-04,14:27,14:39,106,4,170
2025-11-04,16:01,16:05,62,3,99
2025-11-04,17:23,17:37,153,6,245
2025-11-04,17:38,17:58,1678,56,2199
2025-11-04,18:00,18:11,123,5,184
2025-11-05,09:34,09:38,134,4,214
2025-11-05,10:31,10:36,87,3,139
2025-11-05,10:57,11:01,140,4,224
2025-11-05,11:50,12:10,302,11,437
2025-11-05,12:25,12:51,345,12,511
2025-11-05,17:41,17:45,141,3,225
2025-11-05,18:15,18:26,1026,34,1404
2025-11-05,18:29,18:35,195,4,312
2025-11-05,18:36,18:48,1131,37,1451
2025-11-05,18:49,18:58,87,4,139
2025-11-05,21:36,21:40,75,2,120
2025-11-06,00:38,00:46,83,4,133
2025-11-06,12:52,12:56,93,3,149
2025-11-06,13:16,13:24,161,5,258
2025-11-06,14:14,14:18,102,3,163
2025-11-06,14:53,15:15,171,7,273
2025-11-06,15:23,15:45,129,5,206
2025-11-06,16:43,17:07,463,17,719
2025-11-07,09:00,09:33,464,17,726
2025-11-07,10:11,10:38,479,17,706
2025-11-07,11:29,11:36,129,5,206
2025-11-07,12:33,12:43,82,3,132
2025-11-08,10:21,10:30,915,31,1158
2025-11-08,11:00,11:09,710,24,938
2025-11-08,11:22,11:37,79,4,127
2025-11-08,18:11,18:28,358,12,531
2025-11-08,18:34,18:48,69,3,111
2025-11-08,19:00,19:08,205,7,327
2025-11-08,19:09,19:13,333,11,475
2025-11-08,20:04,20:14,423,12,623
2025-11-08,21:44,21:59,168,7,269
2025-11-08,22:19,22:26,143,5,224
2025-11-09,14:57,15:11,84,5,134
2025-11-09,15:54,15:58,72,3,116
2025-11-09,20:38,21:01,248,81,387
2025-11-10,14:32,14:50,113,6,181
2025-11-10,14:51,14:55,87,3,139
2025-11-10,17:40,17:46,165,5,264
2025-11-10,18:30,18:34,171,5,273
2025-11-10,19:29,19:34,178,5,282
2025-11-10,20:02,20:22,452,17,629
2025-11-10,20:44,20:49,152,4,243
2025-11-10,20:50,21:01,452,16,623
2025-11-11,18:58,19:05,106,32,170
2025-11-11,21:51,22:05,60,2,97
2025-11-12,01:43,09:33,55,2,89
2025-11-12,09:36,09:41,130,3,208
2025-11-12,11:20,11:39,85,4,136
2025-11-12,14:23,14:38,93,3,149
2025-11-12,17:44,17:49,158,5,252
2025-11-12,21:53,22:16,114,7,182
2025-11-13,19:23,19:27,89,39,142
2025-11-14,09:49,10:05,191,5,305
2025-11-14,10:23,10:46,367,13,581
2025-11-14,12:57,13:25,198,10,317
2025-11-14,14:42,14:46,70,3,113
2025-11-14,16:51,17:05,193,6,308
2025-11-14,17:55,18:11,158,7,252
2025-11-14,18:35,18:39,60,2,96
2025-11-15,10:10,10:16,80,2,128
2025-11-15,10:44,10:50,214,7,342
2025-11-15,11:12,11:22,106,4,169
2025-11-15,11:56,12:38,301,12,480
2025-11-15,12:47,12:51,159,6,252
2025-11-15,15:21,15:38,122,5,195
2025-11-15,17:51,18:06,184,7,273
2025-11-15,21:45,21:50,117,4,187
2025-11-15,23:21,23:35,77,4,124
2025-11-16,11:30,11:44,80,6,128
2025-11-16,11:45,11:49,161,4,258
2025-11-16,11:51,12:04,96,5,154
2025-11-16,12:41,12:54,310,11,478
2025-11-17,01:09,11:16,85,3,137
2025-11-17,12:02,12:07,148,3,237
2025-11-17,13:50,14:03,69,4,110
2025-11-17,15:59,16:08,178,6,265
2025-11-17,16:21,16:29,156,4,249
2025-11-17,16:44,16:48,99,3,158
2025-11-17,21:21,21:25,106,26,169
2025-11-18,00:44,11:32,1680,56,2343
2025-11-18,11:40,12:05,652,24,926
2025-11-18,15:40,15:48,86,4,138
2025-11-18,16:51,17:03,231,7,369
2025-11-18,20:04,20:18,279,9,430
2025-11-18,21:49,21:57,146,78,234
2025-11-18,22:40,22:54,105,5,168
2025-11-19,09:25,09:30,126,4,201
2025-11-19,09:36,09:41,84,3,135
2025-11-19,10:06,10:34,339,14,492
2025-11-19,12:12,12:27,235,8,352
2025-11-19,13:56,14:20,96,5,153
2025-11-19,15:04,15:14,89,3,143
2025-11-19,16:30,16:35,106,3,170
2025-11-19,18:17,18:22,53,3,85
2025-11-19,19:13,19:29,102,5,164
2025-11-19,19:56,20:25,1038,35,1480
2025-11-19,20:27,20:38,461,14,685
2025-11-19,20:39,20:48,818,27,1101
2025-11-19,20:49,20:56,76,4,122
2025-11-19,23:07,23:15,105,3,168
2025-11-20,13:55,13:59,65,2,105
2025-11-20,14:25,14:29,347,11,450
2025-11-20,15:13,15:27,120,4,192
2025-11-20,23:42,23:48,184,52,294
2025-11-21,16:39,16:55,88,5,141
2025-11-21,23:34,23:41,57,2,91
2025-11-22,11:16,11:30,217,8,314
2025-11-22,11:42,11:50,133,4,213
2025-11-22,17:27,17:42,67,4,108
2025-11-22,20:02,20:15,263,85,420
2025-11-22,23:16,23:32,112,4,180
2025-11-23,00:19,11:34,60,2,97
2025-11-24,01:08,09:32,91,2,146
2025-11-24,09:39,09:48,169,7,245
2025-11-24,10:23,10:40,218,7,348
2025-11-24,11:18,11:45,142,7,227
2025-11-24,12:30,12:34,105,3,168
2025-11-24,14:27,14:34,178,4,285
2025-11-24,15:51,16:08,179,6,286
2025-11-24,16:14,16:18,54,2,87
2025-11-24,17:43,17:53,191,6,305
2025-11-24,18:22,18:26,65,3,105
2025-11-24,18:33,18:43,128,4,205
2025-11-24,19:07,19:26,229,9,365
2025-11-24,23:00,23:17,54,3,87
2025-11-25,13:36,13:40,45,2,72
2025-11-25,13:51,13:56,89,4,142
2025-11-25,14:10,14:27,273,9,413
2025-11-25,14:35,14:45,389,12,566
2025-11-25,15:04,15:22,372,11,594
2025-11-25,15:34,15:38,109,2,174
2025-11-25,15:49,15:53,311,9,441
2025-11-25,16:08,16:13,90,3,145
2025-11-25,16:23,16:52,789,25,1076
2025-11-26,09:10,09:18,227,7,362
2025-11-26,11:46,12:12,185,8,277
2025-11-26,14:51,15:06,266,10,413
2025-11-26,15:38,15:44,135,4,216
2025-11-26,16:13,16:19,94,3,150
2025-11-26,16:35,16:39,83,3,133
2025-11-26,17:22,17:27,214,7,327
2025-11-26,17:59,18:30,339,15,517
2025-11-26,21:22,21:26,85,3,136
2025-11-28,12:56,13:21,512,19,730
2025-11-28,13:22,13:26,346,11,480
2025-11-28,13:48,14:06,119,4,191
2025-11-28,17:34,17:39,238,7,375
2025-11-28,17:49,17:57,669,21,972
2025-11-28,18:28,18:32,399,13,534
2025-11-28,18:33,18:37,282,9,405
2025-11-28,18:47,19:03,490,14,716
2025-11-28,19:04,19:16,1080,36,1411
2025-11-28,19:17,19:21,73,3,117
2025-11-28,20:14,20:26,331,10,529
2025-11-28,23:29,23:59,89,3,143
2025-11-29,12:50,12:55,111,3,178
2025-11-29,13:10,13:32,291,11,462
2025-11-29,13:46,14:02,237,9,360
2025-11-29,23:01,23:13,97,4,155
2025-11-30,13:29,13:33,55,3,89
2025-12-01,11:26,11:41,108,5,173
2025-12-01,12:05,12:33,2291,76,3069
2025-12-01,12:34,12:39,144,4,230
2025-12-01,15:32,15:36,114,5,183
2025-12-01,15:37,15:46,846,28,1125
2025-12-01,16:03,16:10,543,19,742
2025-12-01,16:11,16:38,394,14,588
2025-12-02,02:20,02:29,89,3,142
2025-12-02,16:59,17:05,178,5,275
2025-12-02,18:14,18:33,181,7,290
2025-12-02,22:36,22:40,77,3,123
2025-12-03,16:21,16:26,73,3,117
2025-12-03,17:35,17:39,89,2,143
2025-12-04,12:44,12:52,77,4,124
2025-12-04,17:04,17:16,1065,35,1458
2025-12-04,17:17,17:28,474,15,715
2025-12-04,17:41,17:53,1111,37,1476
2025-12-04,17:54,18:01,115,4,184
2025-12-05,15:10,15:16,151,5,241
2025-12-05,15:32,15:56,188,6,300
2025-12-05,16:31,16:38,201,7,305
2025-12-05,17:13,17:29,163,6,261
2025-12-05,18:11,18:20,542,17,693
2025-12-05,20:12,20:16,44,3,71
2025-12-06,00:30,00:51,101,4,162
2025-12-06,13:07,13:20,87,5,139
2025-12-06,13:23,13:28,143,3,228
2025-12-06,14:07,14:11,189,6,302
2025-12-06,14:54,15:11,166,6,265
2025-12-06,15:38,16:02,187,9,299
2025-12-06,17:02,17:10,190,5,303
2025-12-06,17:22,17:39,249,9,398
2025-12-06,17:52,18:11,518,14,827
2025-12-06,18:36,18:40,160,5,256
2025-12-06,18:55,19:11,127,3,203
2025-12-06,19:21,19:39,307,11,447
2025-12-06,19:40,20:01,453,16,709
2025-12-06,22:49,23:11,99,7,158
2025-12-07,00:22,00:27,153,5,245
2025-12-07,02:28,12:48,86,3,138
2025-12-07,14:10,14:23,151,7,223
2025-12-07,15:18,15:25,541,19,781
2025-12-07,15:26,15:35,102,4,164
2025-12-07,15:43,15:53,175,5,256
2025-12-07,16:21,16:30,186,7,268
2025-12-07,19:29,19:39,80,3,128
2025-12-08,10:35,10:39,85,2,136
2025-12-08,10:50,10:54,87,3,139
2025-12-08,11:18,11:27,160,4,256
2025-12-08,11:28,11:48,328,10,500
2025-12-08,12:30,12:46,55,3,88
2025-12-08,13:50,14:06,163,7,261
2025-12-08,15:23,15:40,94,4,151
2025-12-08,16:40,17:00,175,5,279
2025-12-08,18:41,18:56,87,5,139
2025-12-08,19:05,19:09,136,4,217
2025-12-08,19:31,19:48,197,7,315
2025-12-08,20:56,21:10,272,58,434
2025-12-08,22:41,22:52,87,3,140
2025-12-09,00:30,00:45,133,3,212
2025-12-09,01:38,11:58,65,3,104
2025-12-09,13:18,13:27,165,7,259
2025-12-09,13:53,13:57,70,2,113
2025-12-09,14:10,14:20,181,7,289
2025-12-09,15:09,15:28,238,9,355
2025-12-09,16:42,17:06,184,8,283
2025-12-09,19:09,19:17,369,12,502
2025-12-09,22:49,23:09,52,3,83
2025-12-10,02:23,02:27,67,2,108
2025-12-10,12:55,12:59,71,3,114
2025-12-10,13:29,13:56,251,9,399
2025-12-10,14:16,14:28,232,9,371
2025-12-10,15:11,15:16,124,3,199
2025-12-10,15:39,15:58,313,11,484
2025-12-10,16:04,16:08,153,4,244
2025-12-10,16:10,17:36,567,21,874
2025-12-10,18:16,18:23,190,7,288
2025-12-10,20:59,21:03,81,2,130
2025-12-11,10:38,10:44,247,8,358
2025-12-11,11:09,11:14,144,2,231
2025-12-11,12:26,12:34,202,6,287
2025-12-11,12:56,13:00,221,7,312
2025-12-11,13:31,13:42,97,4,156
2025-12-11,15:10,15:28,58,4,93
2025-12-12,13:22,13:27,521,18,680
2025-12-12,14:06,14:11,177,5,252
2025-12-12,15:24,15:47,215,10,338
2025-12-13,12:39,12:56,94,4,150
2025-12-13,13:27,13:31,82,2,131
2025-12-13,13:55,14:02,123,4,197
2025-12-13,14:29,14:45,150,8,240
2025-12-13,22:48,23:02,102,4,164
2025-12-14,15:13,15:29,74,5,118
2025-12-14,16:01,16:09,137,5,219
2025-12-14,16:11,16:26,57,3,92
2025-12-14,17:17,17:27,42,3,68
2025-12-14,18:50,19:23,320,12,490
2025-12-14,21:44,21:59,77,4,124
2025-12-15,00:58,01:05,164,7,255
2025-12-15,02:27,02:39,654,20,956
2025-12-15,04:26,04:32,99,3,159
2025-12-15,04:33,04:41,586,20,810
2025-12-15,05:57,06:14,203,8,303
2025-12-15,06:57,11:26,43,2,69
2025-12-15,16:43,17:00,50,1,80
2025-12-15,17:12,17:29,334,12,461
2025-12-15,17:33,17:37,343,11,469
2025-12-16,17:10,17:17,206,6,329
2025-12-16,19:37,19:53,193,6,308
2025-12-17,15:32,15:46,70,4,113
2025-12-17,18:12,18:23,182,8,279
2025-12-17,21:41,21:51,85,4,137
2025-12-18,16:43,16:48,104,3,167
2025-12-18,21:33,21:48,85,2,137
2025-12-18,23:11,23:18,64,2,102
2025-12-19,11:59,12:03,122,4,195
2025-12-19,12:24,12:33,245,7,392
2025-12-19,12:34,12:51,116,5,186
2025-12-19,13:49,14:03,49,2,79
2025-12-19,16:41,16:56,325,10,518
2025-12-19,18:31,18:36,132,4,211
2025-12-20,00:16,00:25,126,4,201
2025-12-20,23:27,23:58,166,6,265
2025-12-21,00:00,00:09,74,4,118
2025-12-21,00:35,00:55,96,4,154
2025-12-21,03:11,11:05,106,4,169
2025-12-21,14:19,14:32,413,93,657
2025-12-22,09:48,10:04,237,9,378
2025-12-22,10:41,10:45,86,2,138
2025-12-22,17:39,17:46,148,6,226
2025-12-23,08:26,08:30,74,2,118
2025-12-23,08:31,08:43,1034,34,1328
2025-12-23,08:49,08:58,904,30,1149
2025-12-23,10:41,10:47,163,5,242
2025-12-23,12:00,12:08,148,5,237
2025-12-23,17:20,17:25,72,4,116
2025-12-23,17:27,17:51,101,4,162
2025-12-23,20:33,20:41,83,3,133
2025-12-24,11:23,11:27,43,3,69
2025-12-25,22:48,23:01,107,4,171
2025-12-26,11:25,11:32,167,6,234
2025-12-26,12:24,12:41,225,8,360
2025-12-26,13:48,14:07,429,17,661
2025-12-26,15:01,15:18,530,17,763
2025-12-26,15:26,15:30,148,4,225
2025-12-26,15:42,15:48,149,6,212
2025-12-26,16:46,16:50,58,3,94
2025-12-27,10:50,11:09,99,4,158
2025-12-27,11:44,11:55,92,3,147
2025-12-28,12:25,12:57,282,120,450
2025-12-28,15:51,16:05,121,5,193
2025-12-28,17:16,17:20,66,3,106
2025-12-28,17:22,17:35,117,4,177
2025-12-29,12:17,12:22,116,4,185
2025-12-29,12:38,12:46,335,10,516
2025-12-29,12:55,13:14,118,5,189
2025-12-29,13:31,13:37,217,7,344
2025-12-29,14:04,14:16,365,13,503
2025-12-29,14:32,14:44,438,12,685
2025-12-29,14:57,15:16,485,15,763
2025-12-29,15:18,15:43,454,14,650
2025-12-29,18:51,19:03,152,5,243
2025-12-29,21:06,21:10,137,5,219
2025-12-29,22:36,22:49,92,4,148
2025-12-29,23:38,23:49,72,4,115
2025-12-30,13:42,14:01,185,7,295
2025-12-30,21:01,21:08,184,5,294
2025-12-30,21:48,21:54,52,2,83
2025-12-30,22:50,23:10,119,7,191
2025-12-31,10:47,10:51,67,3,108
2025-12-31,11:03,11:12,173,5,277
2025-12-31,11:28,11:33,97,2,156
2025-12-31,12:08,12:18,92,3,148
2025-12-31,14:15,14:23,762,25,1069
2025-12-31,14:58,15:11,527,17,745
2025-12-31,15:12,15:17,517,18,667
2025-12-31,17:35,17:53,116,5,186
2026-01-01,01:09,01:31,338,11,527
2026-01-01,02:02,02:06,156,5,222
2026-01-01,14:16,14:20,72,2,116
2026-01-01,17:08,18:06,3215,106,4989
2026-01-01,18:08,18:21,96,6,153
2026-01-01,19:43,19:59,92,5,147
2026-01-02,00:00,00:09,126,3,201
2026-01-02,00:45,00:56,172,7,249
2026-01-02,11:03,11:21,361,11,575
2026-01-02,11:22,11:37,1114,38,1548
2026-01-02,12:19,12:27,278,9,430
2026-01-02,12:28,12:50,1454,49,2166
2026-01-02,13:36,13:50,113,4,181
2026-01-02,13:51,13:56,220,7,346
2026-01-02,13:57,14:06,550,18,876
2026-01-02,14:07,14:12,254,7,406
2026-01-02,14:14,14:32,152,6,243
2026-01-02,14:36,14:45,264,9,421
2026-01-02,14:47,15:04,758,25,1137
2026-01-02,16:26,16:33,168,6,268
2026-01-02,16:42,16:58,288,11,441
2026-01-02,19:45,20:00,157,6,251
2026-01-02,21:16,21:22,146,6,234
2026-01-02,22:36,22:57,121,7,194
2026-01-03,00:04,00:14,112,6,180
2026-01-03,00:15,00:20,403,14,545
2026-01-03,00:33,00:54,387,13,618
2026-01-03,10:42,11:01,88,5,141
2026-01-03,11:10,11:21,316,11,436
2026-01-03,12:31,12:35,333,12,485
2026-01-03,12:52,13:18,907,28,1440
2026-01-03,13:24,13:45,554,16,882
2026-01-03,14:06,14:13,222,8,354
2026-01-03,15:05,15:25,87,5,139
2026-01-03,15:51,16:15,1041,34,1586
2026-01-03,16:26,16:36,388,11,614
2026-01-03,16:48,16:52,236,7,353
2026-01-03,17:58,18:32,289,12,459
2026-01-03,18:52,18:59,136,6,218
2026-01-03,22:13,22:21,212,6,338
2026-01-04,09:11,09:24,308,8,492
2026-01-04,10:41,10:47,146,5,234
2026-01-04,14:06,14:17,138,5,220
2026-01-04,18:14,18:21,163,5,261
2026-01-04,20:02,20:19,709,24,968
2026-01-04,20:24,20:29,107,3,171
2026-01-04,20:30,20:38,532,17,748
2026-01-04,20:39,20:43,64,2,102
2026-01-04,22:14,22:18,72,2,116
2026-01-04,23:44,23:50,77,4,124
2026-01-05,14:55,15:09,137,6,219
2026-01-05,15:24,15:32,101,4,162
2026-01-05,15:47,16:08,1793,60,2311
2026-01-05,16:19,16:36,625,19,910
2026-01-05,16:43,16:56,1135,38,1508
2026-01-05,17:03,17:07,61,3,98
2026-01-05,17:24,17:36,681,23,918
2026-01-05,17:37,17:42,89,3,142
2026-01-05,18:30,18:34,96,3,153
2026-01-05,22:13,22:27,81,4,130
2026-01-06,11:50,11:54,54,3,87
2026-01-06,15:14,15:29,72,5,115
2026-01-06,16:43,17:04,82,4,132
2026-01-06,17:06,17:16,250,9,367
2026-01-06,18:12,18:20,149,5,239
2026-01-06,21:18,21:22,76,3,122
2026-01-07,01:11,09:05,216,9,305
2026-01-07,12:14,12:42,241,8,368
2026-01-07,13:04,13:09,314,10,425
2026-01-07,14:04,14:09,361,11,491
2026-01-07,15:12,15:17,65,3,105
2026-01-07,15:34,15:43,881,29,1135
2026-01-07,15:54,16:09,1238,42,1632
2026-01-07,16:15,16:20,144,4,230
2026-01-07,17:45,17:51,111,4,177
2026-01-07,20:52,21:09,111,5,177
2026-01-08,11:05,11:10,119,3,191
2026-01-08,11:26,11:40,186,6,298
2026-01-08,12:23,12:29,173,6,262
2026-01-08,12:30,12:48,198,8,317
2026-01-08,13:36,13:43,108,4,173
2026-01-08,14:11,14:15,118,2,189
2026-01-08,14:53,15:03,141,5,226
2026-01-08,16:21,16:27,95,3,152
2026-01-08,16:40,16:46,195,5,290
2026-01-08,18:49,18:56,146,5,233
2026-01-08,23:11,23:34,144,7,231
2026-01-09,00:43,10:19,73,3,117
2026-01-09,11:37,11:54,134,5,214
2026-01-09,12:00,12:16,251,10,362
2026-01-09,13:02,13:16,175,7,249
2026-01-10,02:07,02:12,33,2,54
2026-01-10,11:30,11:35,170,6,272
2026-01-10,12:43,12:53,728,25,1028
2026-01-10,12:54,13:20,551,18,802
2026-01-11,20:36,20:40,80,3,128
2026-01-12,00:50,00:54,48,2,77
2026-01-12,17:30,17:36,557,19,747
2026-01-12,17:37,17:41,167,4,266
2026-01-12,18:30,18:46,117,5,188
2026-01-12,18:50,18:54,45,49,72
2026-01-13,12:33,12:48,78,4,125
2026-01-13,13:51,13:59,101,4,161
2026-01-13,20:28,20:42,90,5,145
2026-01-13,23:37,23:44,71,3,114
2026-01-14,08:10,08:22,196,8,305
2026-01-14,08:43,08:50,196,6,305
2026-01-14,10:06,10:12,169,6,262
2026-01-14,14:46,15:01,156,6,250
2026-01-14,15:39,15:46,184,6,294
2026-01-14,17:44,17:48,131,4,210
2026-01-14,19:49,20:10,94,4,151
2026-01-15,12:36,12:46,81,3,130
2026-01-15,16:30,16:41,557,19,818
2026-01-15,16:42,16:49,137,5,219
2026-01-15,20:31,20:50,145,7,232
2026-01-15,20:51,20:59,786,26,1084
2026-01-15,21:05,21:10,507,17,712
2026-01-15,21:11,21:39,557,18,807
2026-01-15,22:31,22:45,55,3,89
2026-01-16,00:32,00:46,74,3,119
2026-01-16,01:34,01:42,67,4,107
2026-01-16,02:10,12:12,109,5,175
2026-01-16,15:27,15:34,175,6,280
2026-01-16,15:57,16:06,180,5,270
2026-01-16,21:47,22:02,80,3,128
2026-01-17,02:36,02:44,58,2,93
2026-01-17,12:06,12:11,104,3,166
2026-01-17,13:01,13:06,147,6,217
2026-01-18,11:50,12:08,62,2,99
2026-01-18,12:59,13:08,175,7,274
2026-01-18,13:28,13:34,486,17,698
2026-01-18,13:35,13:42,244,8,385
2026-01-18,13:43,13:48,348,11,525
2026-01-18,14:06,14:10,147,5,228
2026-01-18,15:58,16:12,47,3,76
2026-01-19,08:14,08:19,64,3,102
2026-01-19,08:20,08:42,224,10,340
2026-01-19,08:58,09:14,274,9,438
2026-01-19,12:11,12:36,258,9,412
2026-01-19,13:54,14:10,190,6,304
2026-01-19,14:30,14:35,252,8,349
2026-01-19,15:43,15:50,225,8,305
2026-01-19,16:28,16:32,65,1,104
2026-01-19,16:39,16:55,171,7,274
2026-01-19,17:47,18:01,135,4,216
2026-01-19,19:06,20:03,390,13,622
2026-01-19,20:16,20:23,160,5,256
2026-01-19,22:32,22:36,69,2,110
2026-01-20,13:20,13:29,246,9,379
2026-01-20,13:39,13:57,610,20,894
2026-01-20,14:51,15:04,258,9,405
2026-01-20,18:10,18:24,187,6,287
2026-01-21,09:34,09:39,117,3,188
2026-01-21,10:58,11:13,96,2,153
2026-01-21,11:19,11:40,236,9,377
2026-01-21,17:47,17:51,94,4,150
2026-01-21,18:10,18:24,1192,40,1628
2026-01-21,18:25,18:33,241,7,383
2026-01-21,18:34,18:45,1028,34,1400
2026-01-22,13:31,13:45,85,3,136
2026-01-23,21:06,21:17,95,3,152
2026-01-24,15:12,15:19,417,13,569
2026-01-24,17:37,17:41,152,4,243
2026-01-24,17:50,17:54,136,4,218
2026-01-24,20:53,20:58,66,3,106
2026-01-24,23:28,23:42,77,3,123
2026-01-25,20:51,20:58,77,3,124
2026-01-25,23:32,23:59,111,5,178
2026-01-26,14:23,14:30,210,6,335
2026-01-26,14:42,14:46,232,7,346
2026-01-26,14:47,14:51,457,16,573
2026-01-26,15:51,16:00,671,23,974
2026-01-26,16:13,16:18,126,3,202
2026-01-26,17:26,17:30,308,10,446
2026-01-26,17:31,17:37,329,12,435
2026-01-27,22:37,22:53,442,111,667
2026-01-28,08:15,08:26,217,6,342
2026-01-28,08:34,08:41,182,5,291
2026-01-28,16:19,16:28,92,5,148
2026-01-28,18:05,18:20,216,8,332
2026-01-28,19:28,19:32,80,3,129
2026-01-30,12:14,12:21,92,2,147
2026-01-30,17:33,17:39,178,5,285
2026-01-30,17:49,17:53,284,9,418
2026-01-30,17:54,18:28,1057,32,1599
2026-01-30,18:34,18:40,281,8,432
2026-01-30,23:39,23:50,74,2,119
2026-01-31,01:51,11:01,82,4,131
2026-01-31,12:06,12:10,65,2,104
2026-01-31,12:21,12:48,197,10,314
2026-01-31,12:49,12:54,70,2,112
2026-01-31,13:10,13:31,170,7,271
2026-01-31,13:52,13:57,103,3,165
2026-01-31,18:19,18:28,188,6,300
2026-01-31,20:12,20:23,87,2,139
2026-02-01,00:57,11:31,92,3,148
2026-02-01,12:29,12:35,606,20,780
2026-02-01,14:29,14:43,101,5,161
2026-02-01,15:41,15:46,539,18,719
2026-02-01,15:47,15:51,154,4,220
2026-02-01,16:39,16:55,198,7,303
2026-02-01,21:54,21:58,62,2,100
2026-02-01,22:42,22:50,116,3,185
2026-02-01,23:45,23:55,56,3,90
2026-02-02,02:22,11:00,61,3,98
2026-02-02,11:51,12:00,62,3,99
2026-02-02,13:56,14:20,270,8,421
2026-02-02,14:53,15:03,188,6,300
2026-02-02,18:41,18:57,97,4,155
2026-02-02,21:37,21:51,135,6,211
2026-02-03,09:35,09:43,149,5,239
2026-02-03,09:56,10:01,195,5,312
2026-02-03,11:46,12:05,307,10,461
2026-02-03,12:16,12:22,144,4,230
2026-02-03,13:28,13:43,89,4,143
2026-02-03,13:53,14:00,178,6,285
2026-02-03,14:30,14:34,472,16,582
2026-02-03,15:23,15:38,148,4,236
2026-02-03,15:39,15:43,435,15,559
2026-02-03,16:02,16:06,127,4,203
2026-02-03,17:11,17:22,188,8,271
2026-02-03,18:44,18:52,171,5,274
2026-02-03,19:02,19:17,187,7,274
2026-02-03,19:41,19:45,338,12,447
2026-02-03,19:58,20:08,149,6,223
2026-02-03,22:16,22:39,117,5,187
2026-02-04,09:25,09:29,93,3,149
2026-02-04,09:40,09:44,169,5,257
2026-02-04,10:13,10:31,108,4,173
2026-02-04,11:15,11:40,416,14,664
2026-02-04,11:52,12:09,78,5,125
2026-02-04,14:24,14:44,189,5,302
2026-02-04,15:36,15:51,134,4,214
2026-02-04,18:04,18:20,183,7,292
2026-02-04,18:30,18:38,158,6,253
2026-02-04,18:56,19:13,206,9,329
2026-02-04,19:24,19:29,242,8,372
2026-02-04,20:08,20:18,487,16,716
2026-02-04,20:27,20:47,197,7,315
2026-02-04,22:14,22:30,131,4,209
2026-02-05,11:10,11:14,75,2,121
2026-02-05,14:25,14:30,113,4,181
2026-02-05,15:28,15:34,131,4,210
2026-02-05,15:52,15:56,413,14,558
2026-02-05,15:57,16:02,82,3,131
2026-02-05,16:17,16:34,481,16,664
2026-02-05,17:27,17:39,645,22,914
2026-02-06,00:25,10:24,60,3,97
2026-02-06,10:30,10:53,351,13,534
2026-02-06,11:01,11:07,191,6,286
2026-02-06,11:25,11:54,574,20,880
2026-02-06,12:19,12:33,139,6,213
2026-02-06,12:55,12:59,100,3,160
2026-02-06,13:42,13:49,84,2,135
2026-02-06,14:40,14:47,109,4,175
2026-02-06,15:34,15:48,73,4,117
2026-02-06,16:25,16:36,109,4,175
2026-02-06,16:49,16:53,90,3,144
2026-02-06,18:45,18:52,102,4,164
2026-02-06,19:47,19:51,77,3,123
2026-02-07,11:27,11:31,53,2,85
2026-02-07,11:51,12:10,187,7,279
2026-02-07,12:54,12:58,128,3,204
2026-02-07,13:19,13:26,128,4,205
2026-02-07,13:43,14:08,100,7,160
2026-02-07,14:55,15:12,370,12,575
2026-02-07,15:36,15:43,120,4,192
2026-02-07,15:57,16:08,279,9,445
2026-02-07,16:22,16:35,244,8,390
2026-02-07,17:06,17:25,155,6,248
2026-02-07,17:52,18:17,413,13,646
2026-02-08,01:17,10:10,52,2,83
2026-02-08,12:22,12:44,144,8,230
2026-02-08,14:14,14:34,129,6,206
2026-02-08,14:43,14:55,64,3,102
2026-02-08,19:46,20:05,152,5,243
2026-02-08,22:43,22:47,58,2,94
2026-02-09,11:24,11:28,80,3,129
2026-02-09,12:03,12:11,154,4,247
2026-02-09,13:28,13:51,231,10,332
2026-02-09,16:14,16:23,159,4,254
2026-02-09,18:08,18:14,134,5,215
2026-02-09,23:13,23:24,109,4,175
2026-02-10,11:27,11:32,138,4,221
2026-02-10,11:34,12:05,677,23,1023
2026-02-10,12:18,12:22,102,3,163
2026-02-10,12:26,12:44,214,8,320
2026-02-10,15:41,16:07,126,7,201
2026-02-11,09:38,09:44,172,5,246
2026-02-11,10:00,10:07,262,6,419
2026-02-11,15:26,15:30,55,2,89
2026-02-11,17:47,17:54,136,5,217
2026-02-11,19:09,19:15,168,4,269
2026-02-12,08:41,08:45,62,2,100
2026-02-12,09:10,09:29,96,5,153
2026-02-12,09:39,09:44,99,3,158
2026-02-12,10:04,10:11,129,4,207
2026-02-12,10:49,11:07,109,4,174
2026-02-12,12:18,12:33,166,6,266
2026-02-12,13:56,14:00,85,2,137
2026-02-12,14:37,15:00,148,6,236
2026-02-12,16:06,16:17,97,3,156
2026-02-12,18:32,18:38,173,6,258
2026-02-13,01:10,08:50,72,3,115
2026-02-13,14:40,14:48,82,3,132
2026-02-13,16:41,16:49,91,3,146
2026-02-13,19:17,19:37,96,6,153
2026-02-14,02:10,10:56,67,2,108
2026-02-14,11:03,11:09,96,3,153
2026-02-14,12:04,12:09,87,2,139
2026-02-14,12:35,12:39,106,3,170
2026-02-14,13:06,13:32,335,12,510
2026-02-14,13:40,13:45,330,9,474
2026-02-14,13:46,13:51,398,13,559
2026-02-14,14:10,14:19,753,26,1028
2026-02-14,14:20,14:37,357,11,547
2026-02-14,14:44,14:49,167,6,267
2026-02-14,15:15,15:19,180,5,288
2026-02-14,15:20,15:42,602,22,898
2026-02-14,21:20,21:37,116,6,185
2026-02-15,14:52,15:01,164,7,252
2026-02-16,15:36,15:45,97,3,156
2026-02-16,17:34,17:50,62,2,99
2026-02-17,08:08,08:29,168,7,269
2026-02-17,08:40,09:00,168,5,269
2026-02-17,09:06,09:17,246,8,364
2026-02-17,09:56,10:08,1095,37,1423
2026-02-17,12:41,12:49,722,25,959
2026-02-17,12:51,13:06,315,9,486
2026-02-17,13:08,13:12,447,15,592
2026-02-17,13:32,13:38,77,4,123
2026-02-17,15:20,15:32,519,16,758
2026-02-17,17:10,17:24,126,5,201
2026-02-17,17:31,17:35,242,8,359
2026-02-17,18:38,19:00,1495,50,2003
2026-02-17,19:08,19:15,212,6,338
2026-02-17,19:16,19:41,2050,70,2684
2026-02-17,19:58,20:13,190,6,303
2026-02-17,20:28,20:32,78,3,125
2026-02-17,22:08,22:23,82,5,131
2026-02-18,09:30,09:41,115,4,184
2026-02-18,10:10,10:14,66,3,106
2026-02-18,10:26,10:43,268,7,393
2026-02-18,10:51,10:56,449,15,617
2026-02-18,11:21,11:27,473,16,667
2026-02-18,11:37,11:54,350,12,508
2026-02-18,11:59,12:03,149,4,239
2026-02-18,12:14,12:36,285,10,449
2026-02-18,12:37,12:41,324,11,482
2026-02-18,12:52,12:56,308,10,468
2026-02-18,12:57,13:18,603,17,947
2026-02-18,13:33,13:47,461,15,640
2026-02-18,13:48,13:56,180,6,287
2026-02-18,13:58,14:10,86,3,138
2026-02-18,15:04,15:11,178,6,282
2026-02-18,15:21,15:25,122,3,195
2026-02-18,20:10,20:38,382,12,609
2026-02-18,21:10,21:17,39,1,63
2026-02-19,13:57,14:07,202,7,291
2026-02-19,15:01,15:09,187,6,296
2026-02-19,15:25,15:30,96,3,154
2026-02-19,15:45,15:52,235,7,345
2026-02-19,17:18,17:40,481,16,725
2026-02-20,01:36,09:54,79,3,126
2026-02-20,10:10,10:31,784,26,1067
2026-02-20,11:06,11:14,176,5,281
2026-02-20,11:15,11:26,1076,36,1359
2026-02-20,11:27,11:42,181,6,289
2026-02-20,12:36,12:58,568,20,813
2026-02-20,14:32,14:47,110,5,176
2026-02-20,14:48,14:53,148,4,237
2026-02-20,15:24,15:41,124,4,198
2026-02-20,18:51,19:02,106,3,170
2026-02-20,21:01,21:05,362,13,459
2026-02-20,21:06,21:25,398,14,542
2026-02-21,01:24,11:51,65,1,105
2026-02-21,12:37,12:48,511,17,705
2026-02-21,12:49,13:01,971,33,1330
2026-02-21,13:13,13:22,208,7,332
2026-02-21,13:45,14:00,441,14,670
2026-02-21,14:03,14:14,987,33,1300
2026-02-21,14:15,14:22,106,4,169
2026-02-21,17:51,17:55,88,2,141
2026-02-23,16:35,16:41,144,4,230
2026-02-23,16:46,16:56,899,31,1184
2026-02-23,17:02,17:06,191,5,304
2026-02-23,17:10,17:20,979,32,1241
2026-02-23,17:22,17:38,445,16,612
2026-02-24,01:29,10:04,128,51,204
2026-02-24,11:50,11:58,186,7,288
2026-02-24,11:59,12:03,306,10,462
2026-02-24,12:19,12:23,146,4,229
2026-02-24,12:32,12:49,205,7,327
2026-02-24,12:58,13:07,443,14,646
2026-02-24,13:09,13:39,99,3,158
2026-02-24,20:58,21:16,46,2,74
2026-02-25,11:21,11:25,368,13,513
2026-02-25,11:41,11:45,132,3,211
2026-02-25,11:47,12:03,124,4,199
2026-02-25,12:15,12:19,450,15,568
2026-02-26,14:05,14:09,449,15,593
2026-02-26,14:32,15:06,292,10,453
2026-02-26,15:28,15:36,121,4,193
2026-02-26,16:38,16:42,85,3,137
2026-02-26,17:41,17:52,409,15,571
2026-02-26,23:20,23:27,92,3,148
2026-02-27,11:10,11:14,409,13,534
2026-02-27,11:33,11:47,204,7,326
2026-02-27,14:24,14:52,331,11,529
2026-02-27,18:07,18:11,121,5,193
2026-02-27,21:03,21:09,494,16,649
2026-02-27,21:10,21:19,91,4,146
2026-02-28,02:41,02:45,50,2,80
2026-02-28,18:28,18:45,70,3,113
2026-03-01,00:29,11:10,94,4,150
2026-03-01,13:23,13:35,60,2,97
2026-03-01,23:28,23:34,90,3,145
2026-03-02,14:54,15:10,89,5,143
2026-03-02,22:59,23:12,491,74,737
2026-03-03,15:14,15:26,69,5,111
2026-03-03,19:07,19:20,1012,35,1299
2026-03-03,20:44,20:54,92,3,148
2026-03-04,01:16,01:23,94,3,151
